ES_LMP_NEB_01_0001|24591|25696|Le tapis-franc.§
ES_LMP_NEB_01_0001|24591|25696|{l x^} {t a p i f r a~}.§
ES_LMP_NEB_01_0001|26638|33861|Un "tapis-franc", en argot de vol et de meurtre, signifie un estaminet ou un cabaret du plus bas étage.§
ES_LMP_NEB_01_0001|26638|33861|{x~} "{t a p i f r a~}", {a~ n} {a r g o} {d x^} {v o^ l} {e^} {d x^} {m x^ r t r q}, {s i n i f i} {x~ n} {e^ s t a m i n e^} {u} {x~} {k a b a r e^} {d y} {p l y} {b a z} {e t a z^ q}.§
ES_LMP_NEB_01_0001|34344|39454|Un repris de justice, qui, dans cette langue immonde, s'appelle un "ogre",
ES_LMP_NEB_01_0001|34344|39454|{x~} {r x^ p r i} {d x^} {z^ y s t i s}, {k i}, {d a~} {s e^ t q} {l a~ g q} {i m m o~ d q}, {s a p e^ l q} {x~ n} "{o^ g r q}",
ES_LMP_NEB_01_0001|39759|43619|ou une femme de même dégradation, qui s'appelle une "ogresse",
ES_LMP_NEB_01_0001|39759|43619|{u} {y n q} {f a m} {d x^ m e^ m} {d e g r a d a s j o~}, {k i} {s a p e^ l} {y n} "{o^ g r e^ s}",
ES_LMP_NEB_01_0001|43903|48972|tiennent ordinairement ces tavernes, hantées par le rebut de la population parisienne;
ES_LMP_NEB_01_0001|43903|48972|{t j e^ n t} {o^ r d i n e^ r m a~} {s e} {t a v e^ r n q}, {a~ t e} {p a r} {l x^} {r x^ b y} {d x^ l a} {p o^ p y l a s j o~} {p a r i z j e^ n q};
ES_LMP_NEB_01_0001|49163|54122|forçats libérés, escrocs, voleurs, assassins y abondent.§
ES_LMP_NEB_01_0001|49163|54122|{f o^ r s a} {l i b e r e}, {e^ s k r o}, {v o^ l x^ r}, {a s a s e~} {i} {a b o~ d q}.§
ES_LMP_NEB_01_0001|54886|59536|Un crime a-t-il été commis, la police jette, si cela se peut dire,
ES_LMP_NEB_01_0001|54886|59536|{x~} {k r i m} {a t i l} {e t e} {k o^ m i}, {l a} {p o^ l i s q} {z^ e^ t}, {s i} {s x^ l a} {s x^} {p x} {d i r q},
ES_LMP_NEB_01_0001|59691|61673|son filet dans cette fange;
ES_LMP_NEB_01_0001|59691|61673|{s o~} {f i l e^} {d a~} {s e^ t q} {f a~ z^ q};
ES_LMP_NEB_01_0001|61861|64772|presque toujours elle y prend les coupables.§
ES_LMP_NEB_01_0001|61861|64772|{p r e^ s k q} {t u z^ u r} {e^ l} {i} {p r a~} {l e} {k u p a b l q}.§
ES_LMP_NEB_01_0001|65539|69663|Ce début annonce au lecteur qu'il doit assister à de sinistres scènes;
ES_LMP_NEB_01_0001|65539|69663|{s x^} {d e b y} {a n o~ s} {o} {l e^ k t x^ r} {k i l} {d w a t} {a s i s t e} {a} {d x^} {s i n i s t r q} {s e^ n q};
ES_LMP_NEB_01_0001|70010|71145|s'il y consent,
ES_LMP_NEB_01_0001|70010|71145|{s i l} {i} {k o~ s a~},
ES_LMP_NEB_01_0001|71330|74640|il pénétrera dans des régions horribles, inconnues;
ES_LMP_NEB_01_0001|71330|74640|{i l} {p e n e t r x^ r a} {d a~} {d e} {r e z^ j o~ z} {o^ r i b l q}, {e~ k o^ n y};
ES_LMP_NEB_01_0001|74865|81545|des types hideux, effrayants, fourmilleront dans ces cloaques impurs comme les reptiles dans les marais.§
ES_LMP_NEB_01_0001|74865|81545|{d e} {t i p} {i d x}, {e f r e^ j a~}, {f u r m i j r o~} {d a~} {s e} {k l o^ a k z} {e~ p y r} {k o^ m} {l e} {r e^ p t i l} {d a~} {l e} {m a r e^}.§
ES_LMP_NEB_01_0001|82771|88007|Tout le monde a lu les admirables pages dans lesquelles Cooper, le Walter Scott américain,
ES_LMP_NEB_01_0001|82771|88007|{t u l q} {m o~ d} {a} {l y} {l e z} {a d m i r a b l q} {p a z^} {d a~} {l e k e l} {k u p x^ r}, {l x^} {w a l t e^ r} {s k o^ t} {a m e r i k e~},
ES_LMP_NEB_01_0001|88352|93570|a tracé les moeurs féroces des sauvages, leur langue pittoresque, poétique,
ES_LMP_NEB_01_0001|88352|93570|{a} {t r a s e} {l e} {m x^ r s} {f e r o^ s} {d e} {s o v a z^ q}, {l x^ r} {l a~ g} {p i t o^ r e^ s k}, {p o^ e t i k},
ES_LMP_NEB_01_0001|93745|97985|les mille ruses à l'aide desquelles ils fuient ou poursuivent leurs ennemis.§
ES_LMP_NEB_01_0001|93745|97985|{l e} {m i l q} {r y z q} {a} {l e^ d} {d e k e^ l q} {i l} {f h i} {u} {p u r s h i v} {l x^ r z} {e^ n x^ m i}.§
ES_LMP_NEB_01_0001|98925|101969|On a frémi pour les colons et pour les habitants des villes,
ES_LMP_NEB_01_0001|98925|101969|{o~ n} {a} {f r e m i} {p u r} {l e} {k o^ l o~} {e^} {p u r} {l e z} {a b i t a~} {d e} {v i l q},
ES_LMP_NEB_01_0001|102200|106335|en songeant que si près d'eux vivaient et rôdaient ces tribus barbares,
ES_LMP_NEB_01_0001|102200|106335|{a~} {s o~ z^ a~} {k x^} {s i} {p r e^ d x} {v i v e^ t} {e^} {r o d e^} {s e} {t r i b y} {b a r b a r},
ES_LMP_NEB_01_0001|106624|111048|que leurs habitudes sanguinaires rejetaient si loin de la civilisation.§
ES_LMP_NEB_01_0001|106624|111048|{k x^} {l x^ r z} {a b i t y d} {s a~ g i n e^ r} {r x^ z^ x^ t e^} {s i} {l w e~ d x^ l a} {s i v i l i z a s j o~}.§
ES_LMP_NEB_01_0001|111941|123433|Nous allons essayer de mettre sous les yeux du lecteur quelques épisodes de la vie d'autres barbares aussi en dehors de la civilisation que les sauvages peuplades si bien peintes par Cooper.§
ES_LMP_NEB_01_0001|111941|123433|{n u z} {a l o~ z} {e s e j e} {d x^} {m e^ t r x^} {s u} {l e z} {j x} {d y} {l e^ k t x^ r} {k e^ l k x^ z} {e p i z o^ d q} {d x^ l a} {v i} {d o t r q} {b a r b a r} {o s i} {a~ d x^ o^ r d x^ l a} {s i v i l i z a s j o~} {k x^} {l e} {s o v a z^} {p x p l a d q} {s i} {b j e~} {p e~ t} {p a r} {k u p x^ r}.§
ES_LMP_NEB_01_0001|124384|128089|Seulement les barbares dont nous parlons sont au milieu de nous;
ES_LMP_NEB_01_0001|124384|128089|{s x^ l x^ m a~} {l e} {b a r b a r} {d o~} {n u} {p a r l o~} {s o~ t} {o m i l j x d q} {n u};
ES_LMP_NEB_01_0001|128411|132371|nous pouvons les coudoyer en nous aventurant dans les repaires où ils vivent,
ES_LMP_NEB_01_0001|128411|132371|{n u} {p u v o~} {l e} {k u d w a j e} {a~} {n u z} {a v a~ t y r a~} {d a~} {l e} {r x^ p e^ r z} {u} {i l} {v i v q},
ES_LMP_NEB_01_0001|132631|136460|où ils se rassemblent pour concerter le meurtre, le vol,
ES_LMP_NEB_01_0001|132631|136460|{u} {i l} {s x^} {r a s a~ b l q} {p u r} {k o~ s e^ r t e} {l x^} {m x^ r t r q}, {l x^} {v o^ l},
ES_LMP_NEB_01_0001|136636|140048|pour se partager enfin les dépouilles de leurs victimes.§
ES_LMP_NEB_01_0001|136636|140048|{p u r} {s x^} {p a r t a z^ e r} {a~ f e~} {l e} {d e p u j} {d x^} {l x^ r} {v i k t i m q}.§
ES_LMP_NEB_01_0001|141018|144288|Ces hommes ont des moeurs à eux, des femmes à eux,
ES_LMP_NEB_01_0001|141018|144288|{s e z} {o^ m} {o~} {d e} {m x^ r s} {a} {x}, {d e} {f a m z} {a} {x},
ES_LMP_NEB_01_0001|144483|151998|un langage à eux, langage mystérieux, rempli d'images funestes, de métaphores dégouttantes de sang.§
ES_LMP_NEB_01_0001|144483|151998|{x~} {l a~ g a z^} {a} {x}, {l a~ g a z^} {m i s t e r j x}, {r a~ p l i} {d i m a z^} {f y n e^ s t q}, {d x^} {m e t a f o^ r} {d e g u t a~ t q} {d x^} {s a~}.§
ES_LMP_NEB_01_0001|152754|159845|Comme les sauvages, enfin, ces gens s'appellent généralement entre eux par des surnoms empruntés à leur énergie,
ES_LMP_NEB_01_0001|152754|159845|{k o^ m} {l e} {s o v a z^}, {a~ f e~}, {s e} {z^ a~} {s a p e^ l q} {z^ e n e r a l m a~ t} {a~ t r} {x} {p a r} {d e} {s y r n o~ m} {a~ p r x~ t e z} {a} {l x^ r} {e n e^ r z^ i},
ES_LMP_NEB_01_0001|159993|161193|à leur cruauté,
ES_LMP_NEB_01_0001|159993|161193|{a} {l x^ r} {k r y o t e},
ES_LMP_NEB_01_0001|161461|165221|à certains avantages ou à certaines difformités physiques.§
ES_LMP_NEB_01_0001|161461|165221|{a} {s e^ r t e~ z} {a v a~ t a z^} {u} {a} {s e^ r t e^ n} {d i f o^ r m i t e} {f i z i k q}.§
ES_LMP_NEB_01_0001|166095|170620|Nous abordons avec une double défiance quelques-unes des scènes de ce récit.§
ES_LMP_NEB_01_0001|166095|170620|{n u z} {a b o^ r d o~ z} {a v e^ k} {y n q} {d u b l} {d e f j a~ s} {k e^ l k x^ z y n} {d e} {s e^ n} {d x^} {s x^} {r e s i}.§
ES_LMP_NEB_01_0001|171472|175727|Nous craignons d'abord qu'on ne nous accuse de rechercher des épisodes repoussants,
ES_LMP_NEB_01_0001|171472|175727|{n u} {k r e^ n j o~} {d a b o^ r} {k o~} {n x^} {n u z} {a k y z} {d x^} {r x^ s^ e^ r s^ e} {d e z} {e p i z o^ d q} {r x^ p u s a~},
ES_LMP_NEB_01_0001|176092|178966|et, une fois même cette licence admise,
ES_LMP_NEB_01_0001|176092|178966|{e^}, {y n} {f w a} {m e^ m} {s e^ t q} {l i s a~ s} {a d m i z q},
ES_LMP_NEB_01_0001|179178|187285|qu'on ne nous trouve au-dessous de la tâche qu'impose la reproduction fidèle, vigoureuse, hardie, de ces moeurs excentriques.§
ES_LMP_NEB_01_0001|179178|187285|{k o~} {n x^} {n u} {t r u v} {o d x^ s u d x^} {l a} {t a s^} {k e~ p o z q} {l a} {r x^ p r o^ d y k s j o~} {f i d e^ l}, {v i g u r x z}, {a r d i}, {d x^} {s e} {m x^ r s} {e^ k s a~ t r i k}.§
ES_LMP_NEB_01_0001|188592|191981|En écrivant ces passages dont nous sommes presque effrayé,
ES_LMP_NEB_01_0001|188592|191981|{a~ n} {e k r i v a~} {s e} {p a s a z^} {d o~} {n u} {s o^ m} {p r e^ s k} {e f r e j e},
ES_LMP_NEB_01_0001|192196|195542|nous n'avons pu échapper à une sorte de serrement de coeur~
ES_LMP_NEB_01_0001|192196|195542|{n u} {n a v o~} {p y} {e s^ a p e} {a} {y n q} {s o^ r t} {d x^} {s e^ r m a~} {d x^} {k x^ r}~
ES_LMP_NEB_01_0001|196028|198578|Nous n'oserions dire de douloureuse anxiété~
ES_LMP_NEB_01_0001|196028|198578|{n u} {n o z x^ r j o~} {d i r} {d x^} {d u l u r x z} {a~ k s j e t e}~
ES_LMP_NEB_01_0001|198774|200808|de peur de prétention ridicule.§
ES_LMP_NEB_01_0001|198774|200808|{d x^ p x^ r d x^} {p r e t a~ s j o~} {r i d i k y l}.§
ES_LMP_NEB_01_0001|202060|205706|En songeant que peut-être nos lecteurs éprouveraient le même ressentiment,
ES_LMP_NEB_01_0001|202060|205706|{a~} {s o~ z^ a~} {k x^} {p x t e^ t r q} {n o} {l e^ k t x^ r} {e p r u v r e^} {l x^} {m e^ m q} {r x^ s a~ t i m a~},
ES_LMP_NEB_01_0001|206066|211435|nous nous sommes demandé s'il fallait nous arrêter ou persévérer dans la voie où nous nous engagions,
ES_LMP_NEB_01_0001|206066|211435|{n u} {n u} {s o^ m} {d x^ m a~ d e} {s i l} {f a l e^} {n u z} {a r e t e} {u} {p e^ r s e v e r e} {d a~} {l a} {v w a} {u} {n u} {n u z} {a~ g a z^ j o~},
ES_LMP_NEB_01_0001|211709|215504|si de pareils tableaux devaient être mis sous les yeux du lecteur.§
ES_LMP_NEB_01_0001|211709|215504|{s i} {d x^} {p a r e^ j} {t a b l o} {d x^ v e^ t} {e^ t r q} {m i} {s u} {l e z} {j x} {d y} {l e^ k t x^ r}.§
ES_LMP_NEB_01_0001|216476|218611|Nous sommes presque resté dans le doute;
ES_LMP_NEB_01_0001|216476|218611|{n u} {s o^ m} {p r e^ s k q} {r e^ s t e} {d a~} {l x^} {d u t};
ES_LMP_NEB_01_0001|219071|221811|sans l'impérieuse exigence de la narration,
ES_LMP_NEB_01_0001|219071|221811|{s a~} {l e~ p e r j x z} {e^ g z i z^ a~ s} {d x^ l a} {n a r a s j o~},
ES_LMP_NEB_01_0001|222031|225216|nous regretterions d'avoir placé en si horrible lieu,
ES_LMP_NEB_01_0001|222031|225216|{n u} {r x^ g r e^ t x^ r j o~} {d a v w a r} {p l a s e} {a~} {s i} {o^ r i b l q} {l j x},
ES_LMP_NEB_01_0001|225418|227586|l'explosion du récit qu'on va lire.
ES_LMP_NEB_01_0001|225418|227586|{l e^ k s p l o z j o~} {d y} {r e s i} {k o~} {v a} {l i r}.
ES_LMP_NEB_01_0001|228510|235563|Pourtant nous comptons un peu sur l'espèce de curiosité craintive qu'excitent quelquefois les spectacles terribles.§
ES_LMP_NEB_01_0001|228510|235563|{p u r t a~} {n u} {k o~ t o~ z} {x~ p x} {s y r} {l e^ s p e^ s} {d x^} {k y r j o z i t e} {k r e~ t i v q} {k e^ k s i t} {k e^ l k x^ f w a} {l e} {s p e^ k t a k l q} {t e r i b l}.§
ES_LMP_NEB_01_0001|236347|239657|Et puis encore nous croyons à la puissance des contrastes.§
ES_LMP_NEB_01_0001|236347|239657|{e^} {p h i z} {a~ k o^ r} {n u} {k r w a j o~ z} {a} {l a} {p h i s a~ s} {d e} {k o~ t r a s t}.§
ES_LMP_NEB_01_0001|240717|245327|Sous ce point de vue de l'art, il est peut-être bon de reproduire certains caractères,
ES_LMP_NEB_01_0001|240717|245327|{s u} {s x^} {p w e~} {d x^} {v y} {d x^ l a r}, {i l} {e^} {p x t e^ t r q} {b o~} {d x^} {r x^ p r o^ d h i r} {s e^ r t e~} {k a r a k t e^ r},
ES_LMP_NEB_01_0001|245477|252272|certaines existences, certaines figures, dont les couleurs sombres, énergiques, peut-être même crues,
ES_LMP_NEB_01_0001|245477|252272|{s e^ r t e^ n z} {e^ g z i s t a~ s}, {s e^ r t e^ n} {f i g y r}, {d o~} {l e} {k u l x^ r} {s o~ b r}, {e n e^ r z^ i k}, {p x t e^ t r q} {m e^ m} {k r y},
ES_LMP_NEB_01_0001|252636|257733|serviront de repoussoir, d'opposition à des scènes d'un tout autre genre.§
ES_LMP_NEB_01_0001|252636|257733|{s e^ r v i r o~} {d x^} {r x^ p u s w a r}, {d o^ p o z i s j o~} {a} {d e} {s e^ n} {d x~} {t u t o t r x^} {z^ a~ r}.§
ES_LMP_NEB_01_0001|258566|267902|Le lecteur, prévenu de l'excursion que nous lui proposons d'entreprendre parmi les naturels de cette race infernale qui peuple les prisons, les bagnes,
ES_LMP_NEB_01_0001|258566|267902|{l x^} {l e^ k t x^ r}, {p r e v x^ n y} {d x^ l e^ k s k y r s j o~} {k x^} {n u} {l h i} {p r o^ p o z o~} {d a~ t r x^ p r a~ d r} {p a r m i} {l e} {n a t y r e^ l} {d x^} {s e^ t} {r a s} {e~ f e^ r n a l} {k i} {p x^ p l q} {l e} {p r i z o~}, {l e} {b a n j q},
ES_LMP_NEB_01_0001|268103|270399|et dont le sang rougit les échafauds~
ES_LMP_NEB_01_0001|268103|270399|{e^} {d o~} {l x^} {s a~} {r u z^ i} {l e z} {e s^ a f o}~
ES_LMP_NEB_01_0001|271054|273774|Le lecteur voudra peut-être bien nous suivre.
ES_LMP_NEB_01_0001|271054|273774|{l x^} {l e^ k t x^ r} {v u d r a} {p x t e^ t r q} {b j e~} {n u} {s h i v r}.
ES_LMP_NEB_01_0001|274673|277859|Sans doute cette investigation sera nouvelle pour lui;
ES_LMP_NEB_01_0001|274673|277859|{s a~ d u t} {s e^ t} {e~ v e^ s t i g a s j o~} {s x^ r a} {n u v e^ l} {p u r} {l h i};
ES_LMP_NEB_01_0001|278311|280411|hâtons-nous de l'avertir d'abord que,
ES_LMP_NEB_01_0001|278311|280411|{a t o~ n u} {d x^ l a v e^ r t i r} {d a b o^ r} {k x^},
ES_LMP_NEB_01_0001|280596|284836|s'il pose d'abord le pied sur le dernier échelon de l'échelle sociale,
ES_LMP_NEB_01_0001|280596|284836|{s i l} {p o z} {d a b o^ r} {l x^} {p j e} {s y r} {l x^} {d e^ r n j e r} {e s^ x^ l o~} {d x^ l e s^ e^ l} {s o^ s j a l},
ES_LMP_NEB_01_0001|285096|287241|à mesure que le récit marchera,
ES_LMP_NEB_01_0001|285096|287241|{a} {m x^ z y r} {k x^} {l x^} {r e s i} {m a r s^ x^ r a},
ES_LMP_NEB_01_0001|287536|290571|l'atmosphère s'épurera de plus en plus.§
ES_LMP_NEB_01_0001|287536|290571|{l a t m o^ s f e^ r} {s e p y r x^ r a} {d x^ p l y z a~ p l y s}.§
ES_LMP_NEB_01_0001|291822|296777|Le treize décembre dix-huit cent trente-huit, par une soirée pluvieuse et froide,
ES_LMP_NEB_01_0001|291822|296777|{l x^} {t r e^ z} {d e s a~ b r q} {d i z h i} {s a~} {t r a~ t h i t}, {p a r} {y n q} {s w a r e} {p l y v j x z} {e^} {f r w a d q},
ES_LMP_NEB_01_0001|297022|301155|un homme d'une taille athlétique, vêtu d'une mauvaise blouse,
ES_LMP_NEB_01_0001|297022|301155|{x~ n} {o^ m} {d y n q} {t a j} {a t l e t i k}, {v e t y} {d y n q} {m o v e^ z q} {b l u z q},
ES_LMP_NEB_01_0001|301347|304832|traversa le pont au change et s'enfonça dans la cité,
ES_LMP_NEB_01_0001|301347|304832|{t r a v e^ r s a} {l x^} {p o~ t} {o} {s^ a~ z^} {e^} {s a~ f o~ s a} {d a~} {l a} {s i t e},
ES_LMP_NEB_01_0001|304988|312818|dédale de rues obscures, étroites, tortueuses, qui s'étend depuis le palais de Justice jusqu'à notre-Dame.§
ES_LMP_NEB_01_0001|304988|312818|{d e d a l} {d x^} {r y z} {o^ p s k y r}, {e t r w a t}, {t o^ r t y x z}, {k i} {s e t a~} {d x^ p h i} {l x^} {p a l e^} {d x^} {z^ y s t i s q} {z^ y s k a} {n o^ t r q d a m}.§
ES_LMP_NEB_01_0001|313643|317880|Le quartier du palais de Justice, très circonscrit, très surveillé,
ES_LMP_NEB_01_0001|313643|317880|{l x^} {k a r t j e} {d y} {p a l e^} {d x^} {z^ y s t i s}, {t r e^} {s i r k o~ s k r i}, {t r e^} {s y r v e j e},
ES_LMP_NEB_01_0001|318138|321903|sert pourtant d'asile ou de rendez-vous aux malfaiteurs de Paris.
ES_LMP_NEB_01_0001|318138|321903|{s e^ r} {p u r t a~} {d a z i l q} {u} {d x^} {r a~ d e v u} {o} {m a l f e^ t x^ r} {d x^} {p a r i}.
ES_LMP_NEB_01_0001|322432|325129|N'est-il pas étrange, ou plutôt fatal,
ES_LMP_NEB_01_0001|322432|325129|{n e^ t i l} {p a z} {e t r a~ z^}, {u} {p l y t o} {f a t a l q},
ES_LMP_NEB_01_0001|325275|335447|qu'une irrésistible attraction fasse toujours graviter ces criminels autour du formidable tribunal qui les condamne à la prison, au bagne, à l'échafaud!§
ES_LMP_NEB_01_0001|325275|335447|{k y n} {i r r e z i s t i b l} {a t r a k s j o~} {f a s} {t u z^ u r} {g r a v i t e} {s e} {k r i m i n e^ l} {o t u r d y} {f o^ r m i d a b l} {t r i b y n a l} {k i} {l e} {k o~ d a n} {a} {l a} {p r i z o~}, {o} {b a n j}, {a} {l e s^ a f o}!§
ES_LMP_NEB_01_0001|336585|343005|Cette nuit-là, donc, le vent s'engouffrait violemment dans les espèces de ruelles de ce lugubre quartier;
ES_LMP_NEB_01_0001|336585|343005|{s e^ t q} {n h i l a}, {d o~ k}, {l x^} {v a~} {s a~ g u f r e^} {v j o^ l a m a~} {d a~} {l e z} {e^ s p e^ s} {d x^} {r y e^ l} {d x^} {s x^} {l y g y b r q} {k a r t j e};
ES_LMP_NEB_01_0001|343453|353328|la lueur blafarde, vacillante, des réverbères agités par la bise, se reflétait dans le ruisseau d'eau noirâtre qui coulait au milieu des pavés fangeux.§
ES_LMP_NEB_01_0001|343453|353328|{l a} {l y x^ r} {b l a f a r d x^}, {v a s i j a~ t}, {d e} {r e v e^ r b e^ r z} {a z^ i t e} {p a r} {l a} {b i z q}, {s x^} {r x^ f l e t e^} {d a~} {l x^} {r h i s o} {d o} {n w a r a t r q} {k i} {k u l e^ t} {o m i l j x d e} {p a v e} {f a~ z^ x}.§
ES_LMP_NEB_01_0001|354325|356098|Les maisons, couleur de boue,
ES_LMP_NEB_01_0001|354325|356098|{l e} {m e^ z o~}, {k u l x^ r} {d x^} {b u},
ES_LMP_NEB_01_0001|356380|359988|étaient percées de quelques rares fenêtres aux châssis vermoulus,
ES_LMP_NEB_01_0001|356380|359988|{e t e^} {p e^ r s e} {d x^} {k e^ l k x^} {r a r} {f x^ n e^ t r x^ z} {o} {s^ a s i} {v e^ r m u l y},
ES_LMP_NEB_01_0001|360170|361680|et presque sans carreaux.
ES_LMP_NEB_01_0001|360170|361680|{e^} {p r e^ s k q} {s a~} {k a r o}.
ES_LMP_NEB_01_0001|362345|368760|De noires, d'infectes allées conduisaient à des escaliers plus noirs, plus infects encore,
ES_LMP_NEB_01_0001|362345|368760|{d x^} {n w a r}, {d e~ f e^ k t e z} {a l e} {k o~ d h i z e^ t} {a} {d e z} {e^ s k a l j e} {p l y} {n w a r}, {p l y z} {e~ f e^ k t q z} {a~ k o^ r},
ES_LMP_NEB_01_0001|368980|377919|et si perpendiculaires, que l'on pouvait à peine les gravir à l'aide d'une corde à puits fixée aux murailles humides par des crampons de fer.§
ES_LMP_NEB_01_0001|368980|377919|{e^} {s i} {p e^ r p a~ d i k y l e^ r}, {k x^} {l o~} {p u v e^ t} {a p e^ n q} {l e} {g r a v i r} {a l e^ d q d y n q} {k o^ r d} {a} {p h i} {f i k s e} {o} {m y r a j z} {y m i d q} {p a r} {d e} {k r a~ p o~} {d x^} {f e^ r}.§
ES_LMP_NEB_01_0001|379197|381699|Le rez-de-chaussée de quelques-unes de ces maisons,
ES_LMP_NEB_01_0001|379197|381699|{l x^} {r e d x^ s^ o s e} {d x^} {k e^ l k x^ z y n} {d x^} {s e} {m e^ z o~},
ES_LMP_NEB_01_0001|381903|384544|était occupé par des étalages de charbonniers,
ES_LMP_NEB_01_0001|381903|384544|{e t e^ t} {o^ k y p e} {p a r} {d e z} {e t a l a z^} {d x^} {s^ a r b o^ n j e},
ES_LMP_NEB_01_0001|384711|387742|de tripiers ou de revendeurs de mauvaises viandes.§
ES_LMP_NEB_01_0001|384711|387742|{d x^} {t r i p j e} {u} {d x^} {r x^ v a~ d x^ r} {d x^} {m o v e^ z} {v j a~ d q}.§
ES_LMP_NEB_01_0001|388723|391053|Malgré le peu de valeur de ces denrées,
ES_LMP_NEB_01_0001|388723|391053|{m a l g r e} {l x^} {p x} {d x^} {v a l x^ r} {d x^} {s e} {d a~ r e},
ES_LMP_NEB_01_0001|391248|396338|la devanture de presque toutes ces misérables boutiques était grillagée de fer,
ES_LMP_NEB_01_0001|391248|396338|{l a} {d x^ v a~ t y r} {d x^} {p r e^ s k q} {t u t s e} {m i z e r a b l q} {b u t i k} {e t e^} {g r i j a z^ e} {d x^} {f e^ r},
ES_LMP_NEB_01_0001|396624|400276|tant les marchands redoutaient les audacieux voleurs de ce quartier.§
ES_LMP_NEB_01_0001|396624|400276|{t a~} {l e} {m a r s^ a~} {r x^ d u t e^} {l e z} {o d a s j x} {v o^ l x^ r} {d x^} {s x^} {k a r t j e}.§
ES_LMP_NEB_01_0001|401664|404770|L'homme dont nous parlons, en entrant dans la rue aux Fèves,
ES_LMP_NEB_01_0001|401664|404770|{l o^ m} {d o~} {n u} {p a r l o~}, {a~ n} {a~ t r a~} {d a~} {l a} {r y} {o} {f e^ v q},
ES_LMP_NEB_01_0001|404919|407054|située au centre de la cité,
ES_LMP_NEB_01_0001|404919|407054|{s i t y e} {o s a~ t r d x^ l a} {s i t e},
ES_LMP_NEB_01_0001|407364|411072|ralentit beaucoup sa marche: il se sentait sur son terrain.§
ES_LMP_NEB_01_0001|407364|411072|{r a l a~ t i} {b o k u} {s a} {m a r s^}: {i l} {s x^} {s a~ t e^} {s y r} {s o~} {t e^ r e~}.§
ES_LMP_NEB_01_0001|411840|419520|La nuit était profonde, l'eau tombait à torrents, de fortes rafales de vent et de pluie fouettaient les murailles.§
ES_LMP_NEB_01_0001|411840|419520|{l a} {n h i} {e t e^} {p r o^ f o~ d q}, {l o} {t o~ b e^ t} {a} {t o^ r a~}, {d x^} {f o^ r t q} {r a f a l} {d x^} {v a~} {e^} {d x^} {p l h i} {f w e^ t e^} {l e} {m y r a j}.§
ES_LMP_NEB_01_0001|420129|424277|Dix heures sonnaient dans le lointain à l'horloge du palais de Justice.§
ES_LMP_NEB_01_0001|420129|424277|{d i z} {x^ r} {s o^ n e^} {d a~} {l x^} {l w e~ t e~} {a} {l o^ r l o^ z^} {d y} {p a l e^} {d x^} {z^ y s t i s}.§
ES_LMP_NEB_01_0001|424859|430543|Des femmes embusquées sous des porches voûtés, obscurs, profonds comme des cavernes,
ES_LMP_NEB_01_0001|424859|430543|{d e} {f a m z} {a~ b y s k e} {s u} {d e} {p o^ r s^ q} {v u t e}, {o^ p s k y r}, {p r o^ f o~} {k o^ m} {d e} {k a v e^ r n q},
ES_LMP_NEB_01_0001|430723|433823|chantaient à demi-voix quelques refrains populaires.§
ES_LMP_NEB_01_0001|430723|433823|{s^ a~ t e^ t} {a} {d x^ m i v w a} {k e^ l k q} {r x^ f r e~} {p o^ p y l e^ r}.§
ES_LMP_NEB_01_0001|434601|438056|Une de ces créatures était sans doute connue de l'homme dont nous parlons;
ES_LMP_NEB_01_0001|434601|438056|{y n} {d x^} {s e} {k r e a t y r} {e t e^} {s a~ d u t} {k o^ n y} {d x^ l o^ m} {d o~} {n u} {p a r l o~};
ES_LMP_NEB_01_0001|438355|442325|car, s'arrêtant brusquement devant elle, il la saisit par le bras.§
ES_LMP_NEB_01_0001|438355|442325|{k a r}, {s a r e^ t a~} {b r y s k x^ m a~} {d x^ v a~ t} {e^ l q}, {i l} {l a} {s e^ z i} {p a r} {l x^} {b r a}.§
ES_LMP_NEB_01_0001|443246|444704|¬Bonsoir, Chourineur,
ES_LMP_NEB_01_0001|443246|444704|¬{b o~ s w a r}, {s^ u r i n x^ r},
ES_LMP_NEB_01_0001|445489|446288|[note:
ES_LMP_NEB_01_0001|445489|446288|[{n o^ t q}:
ES_LMP_NEB_01_0001|446729|449269|Chourineur: donneur de coups de couteau.
ES_LMP_NEB_01_0001|446729|449269|{s^ u r i n x^ r}: {d o^ n x^ r} {d x^} {k u} {d x^} {k u t o}.
ES_LMP_NEB_01_0001|449684|455858|Nous n'abuserons pas longtemps de cet affreux langage d'argot, nous en donnerons seulement quelques spécimens caractéristiques].§
ES_LMP_NEB_01_0001|449684|455858|{n u} {n a b y z x^ r o~} {p a} {l o~ t a~} {d x^} {s e^ t} {a f r x} {l a~ g a z^} {d a r g o}, {n u z} {a~} {d o^ n r o~} {s x^ l m a~} {k e^ l k q} {s p e s i m e^ n} {k a r a k t e r i s t i k}].§
ES_LMP_NEB_01_0001|456649|461126|Cet homme, repris de justice, avait été ainsi surnommé au bagne.§
ES_LMP_NEB_01_0001|456649|461126|{s e^ t} {o^ m}, {r x^ p r i} {d x^} {z^ y s t i s}, {a v e^ t} {e t e} {e~ s i} {s y r n o^ m e} {o} {b a n j q}.§
ES_LMP_NEB_01_0001|462060|463405|¬C'est toi, la Goualeuse,
ES_LMP_NEB_01_0001|462060|463405|¬{s e^} {t w a}, {l a} {g w a l x z q},
ES_LMP_NEB_01_0001|463815|464475|[note:
ES_LMP_NEB_01_0001|463815|464475|[{n o^ t}:
ES_LMP_NEB_01_0001|464680|465820|la Chanteuse],
ES_LMP_NEB_01_0001|464680|465820|{l a} {s^ a~ t x z q}],
ES_LMP_NEB_01_0001|466625|467935|dit l'homme en blouse;
ES_LMP_NEB_01_0001|466625|467935|{d i} {l o^ m} {a~} {b l u z q};
ES_LMP_NEB_01_0001|468114|469919|tu vas me payer l'"eau d'aff",
ES_LMP_NEB_01_0001|468114|469919|{t y} {v a} {m x^} {p e j e} {l}"{o} {d a f q}",
ES_LMP_NEB_01_0001|470103|470806|[note:
ES_LMP_NEB_01_0001|470103|470806|[{n o^ t}:
ES_LMP_NEB_01_0001|470992|471900|l'eau-de-vie],
ES_LMP_NEB_01_0001|470992|471900|{l o d x^ v i}],
ES_LMP_NEB_01_0001|472217|474115|ou je te fais danser sans violons!§
ES_LMP_NEB_01_0001|472217|474115|{u} {z^ x^} {t x^} {f e^} {d a~ s e} {s a~} {v j o^ l o~}!§
ES_LMP_NEB_01_0001|475081|481111|¬Je n'ai pas d'argent, répondit la femme en tremblant; car cet homme inspirait une grande terreur dans le quartier.§
ES_LMP_NEB_01_0001|475081|481111|¬{z^ x^} {n e} {p a} {d a r z^ a~}, {r e p o~ d i} {l a} {f a m} {a~} {t r a~ b l a~}; {k a r} {s e^ t} {o^ m} {e~ s p i r e^ t} {y n q} {g r a~ d q} {t e^ r x^ r} {d a~} {l x^} {k a r t j e}.§
ES_LMP_NEB_01_0001|481982|483487|¬Si ta "filoche" est à "jeun",
ES_LMP_NEB_01_0001|481982|483487|¬{s i} {t a} "{f i l o^ s^}" {e^ t} {a} "{z^ x~}",
ES_LMP_NEB_01_0001|484087|484852|[note:
ES_LMP_NEB_01_0001|484087|484852|[{n o^ t}:
ES_LMP_NEB_01_0001|485282|487097|si ta bourse est vide],
ES_LMP_NEB_01_0001|485282|487097|{s i} {t a} {b u r s} {e^} {v i d q}],
ES_LMP_NEB_01_0001|487932|491272|"l'ogresse" du Tapis-Franc te fera crédit sur ta bonne mine.§
ES_LMP_NEB_01_0001|487932|491272|"{l o^ g r e^ s}" {d y} {t a p i f r a~} {t x^} {f x^ r a} {k r e d i} {s y r} {t a} {b o^ n} {m i n q}.§
ES_LMP_NEB_01_0001|491984|495659|¬Mon dieu! Je lui dois le loyer des vêtements que je porte~§
ES_LMP_NEB_01_0001|491984|495659|¬{m o~ d j x}! {z^ x^} {l h i} {d w a} {l x^} {l w a j e} {d e} {v e^ t m a~} {k x^} {z^ x^} {p o^ r t q}~§
ES_LMP_NEB_01_0001|496441|497560|¬Ah! Tu raisonnes?
ES_LMP_NEB_01_0001|496441|497560|¬{a}! {t y} {r e^ z o^ n q}?
ES_LMP_NEB_01_0001|497721|499151|s'écria le Chourineur.
ES_LMP_NEB_01_0001|497721|499151|{s e k r i j a} {l x^} {s^ u r i n x^ r}.
ES_LMP_NEB_01_0001|499604|506972|Et il donna dans l'ombre et au hasard un si violent coup de poing à cette malheureuse, qu'elle poussa un cri de douleur aigu.§
ES_LMP_NEB_01_0001|499604|506972|{e^} {i l} {d o^ n a} {d a~} {l o~ b r q} {e^} {o} {a z a r} {x~} {s i} {v j o^ l a~} {k u} {d x^} {p w e~} {a} {s e^ t} {m a l x^ r x z q}, {k e^ l} {p u s a} {x~} {k r i} {d x^} {d u l x^ r} {e g y}.§
ES_LMP_NEB_01_0001|508168|511022|¬Ça n'est rien que ça, ma fille; c'est pour t'avertir~§
ES_LMP_NEB_01_0001|508168|511022|¬{s a} {n e^} {r j e~} {k x^} {s a}, {m a} {f i j q}; {s e^} {p u r} {t a v e^ r t i r}~§
ES_LMP_NEB_01_0001|511856|517014|À peine le brigand avait-il dit ces mots, qu'il s'écria avec un effroyable jurement:§
ES_LMP_NEB_01_0001|511856|517014|{a p e n q} {l x^} {b r i g a~} {a v e^ t i l} {d i} {s e} {m o^}, {k i l} {s e k r i j a} {a v e^ k} {x~ n} {e f r w a j a b l} {z^ y r m a~}:§
ES_LMP_NEB_01_0001|517539|520959|¬Je suis piqué à l'aileron; tu m'as égratigné avec tes ciseaux.
ES_LMP_NEB_01_0001|517539|520959|¬{z^ x^} {s h i} {p i k e} {a} {l e^ l r o~}; {t y} {m a} {e g r a t i n j e} {a v e^ k} {t e} {s i z o}.
ES_LMP_NEB_01_0001|521702|526754|Et furieux, il se précipita à la poursuite de la Goualeuse dans l'allée noire.§
ES_LMP_NEB_01_0001|521702|526754|{e^} {f y r j x}, {i l} {s x^} {p r e s i p i t a} {a} {l a} {p u r s h i t} {d x^ l a} {g w a l x z} {d a~} {l a l e} {n w a r}.§
ES_LMP_NEB_01_0001|527759|530689|¬N'approche pas, ou je te crève les "ardents" avec mes "fauchants",
ES_LMP_NEB_01_0001|527759|530689|¬{n a p r o^ s^} {p a}, {u} {z^ x^} {t x^} {k r e^ v} {l e z} "{a r d a~}" {a v e^ k} {m e} "{f o s^ a~}",
ES_LMP_NEB_01_0001|531149|531914|[note:
ES_LMP_NEB_01_0001|531149|531914|[{n o^ t}:
ES_LMP_NEB_01_0001|532559|535027|je te crève les yeux avec mes ciseaux],
ES_LMP_NEB_01_0001|532559|535027|{z^ x^} {t x^} {k r e^ v} {l e z} {j x} {a v e^ k} {m e} {s i z o}],
ES_LMP_NEB_01_0001|535469|537019|dit-elle d'un ton décidé.
ES_LMP_NEB_01_0001|535469|537019|{d i t e^ l} {d x~} {t o~} {d e s i d e}.
ES_LMP_NEB_01_0001|537444|539584|Je ne t'avais rien fait, pourquoi m'as-tu battue?§
ES_LMP_NEB_01_0001|537444|539584|{z^ x^} {n x^} {t a v e^} {r j e~} {f e^}, {p u r k w a} {m a t y} {b a t y}?§
ES_LMP_NEB_01_0001|540341|541567|¬Je vais te dire ça,
ES_LMP_NEB_01_0001|540341|541567|¬{z^ x^} {v e^} {t x^} {d i r} {s a},
ES_LMP_NEB_01_0001|541736|545141|s'écria le bandit en s'avançant toujours dans l'obscurité.
ES_LMP_NEB_01_0001|541736|545141|{s e k r i j a} {l x^} {b a~ d i} {a~} {s a v a~ s a~} {t u z^ u r} {d a~} {l o^ p s k y r i t e}.
ES_LMP_NEB_01_0001|545686|548257|Ah! Je te tiens! Et tu vas la danser!
ES_LMP_NEB_01_0001|545686|548257|{a}! {z^ x^} {t x^} {t j e~}! {e^} {t y} {v a} {l a} {d a~ s e}!
ES_LMP_NEB_01_0001|548660|554092|ajouta-t-il en saisissant dans ses larges et fortes mains un poignet mince et frêle.§
ES_LMP_NEB_01_0001|548660|554092|{a z^ u t a t i l} {a~} {s e z i s a~} {d a~} {s e} {l a r z^ q z} {e^} {f o^ r t q} {m e~} {x~} {p w a n j e^} {m e~ s} {e^} {f r e^ l}.§
ES_LMP_NEB_01_0001|554719|557417|¬C'est toi qui vas danser! dit une voix mâle.§
ES_LMP_NEB_01_0001|554719|557417|¬{s e^} {t w a} {k i} {v a} {d a~ s e}! {d i t} {y n} {v w a} {m a l}.§
ES_LMP_NEB_01_0001|557919|558657|¬Un homme!
ES_LMP_NEB_01_0001|557919|558657|¬{x~ n} {o^ m}!
ES_LMP_NEB_01_0001|558887|560104|Est-ce toi, Bras-Rouge?
ES_LMP_NEB_01_0001|558887|560104|{e^ s} {t w a}, {b r a r u z^ q}?
ES_LMP_NEB_01_0001|560287|562223|réponds donc et ne serre pas si fort~
ES_LMP_NEB_01_0001|560287|562223|{r e p o~} {d o~ k} {e^} {n x^} {s e r} {p a} {s i} {f o^ r}~
ES_LMP_NEB_01_0001|562512|565497|J'entre dans l'allée de ta maison~ Ça peut bien être toi~§
ES_LMP_NEB_01_0001|562512|565497|{z^ a~ t r x^} {d a~} {l a l e} {d x^} {t a} {m e^ z o~}~ {s a} {p x} {b j e~ n} {e^ t r q} {t w a}~§
ES_LMP_NEB_01_0001|566318|568560|¬Ça n'est pas Bras-Rouge, dit la voix.§
ES_LMP_NEB_01_0001|566318|568560|¬{s a} {n e^} {p a} {b r a r u z^ q}, {d i} {l a} {v w a}.§
ES_LMP_NEB_01_0001|569175|572892|¬Bon, puisque ça n'est pas un ami, il va y avoir du "raisiné" par terre,
ES_LMP_NEB_01_0001|569175|572892|¬{b o~}, {p h i s k q} {s a} {n e^} {p a z} {x~ n} {a m i}, {i l} {v a} {i} {a v w a r} {d y} "{r e z i n e}" {p a r t e^ r},
ES_LMP_NEB_01_0001|573080|573887|[note:
ES_LMP_NEB_01_0001|573080|573887|[{n o^ t q}:
ES_LMP_NEB_01_0001|574150|575481|du sang répandu],
ES_LMP_NEB_01_0001|574150|575481|{d y} {s a~} {r e p a~ d y}],
ES_LMP_NEB_01_0001|575760|577190|s'écria le Chourineur.
ES_LMP_NEB_01_0001|575760|577190|{s e k r i j a} {l x^} {s^ u r i n x^ r}.
ES_LMP_NEB_01_0001|577625|580161|Mais à qui donc la petite patte que je tiens là?§
ES_LMP_NEB_01_0001|577625|580161|{m e^ z} {a} {k i} {d o~ k} {l a} {p x^ t i t} {p a t} {k x^} {z^ x^} {t j e~} {l a}?§
ES_LMP_NEB_01_0001|580932|582542|¬C'est la pareille de celle-ci.§
ES_LMP_NEB_01_0001|580932|582542|¬{s e^} {l a} {p a r e^ j} {d x^} {s e^ l s i}.§
ES_LMP_NEB_01_0001|583335|588325|Sous la peau délicate et douce de cette main qui vint le saisir brusquement à la gorge,
ES_LMP_NEB_01_0001|583335|588325|{s u} {l a} {p o} {d e l i k a t} {e^} {d u s} {d x^} {s e^ t q} {m e~} {k i} {v e~} {l x^} {s e z i r} {b r y s k x^ m a~ t} {a} {l a} {g o^ r z^ q},
ES_LMP_NEB_01_0001|588495|592790|le Chourineur sentit se tendre des nerfs et des muscles d'acier.§
ES_LMP_NEB_01_0001|588495|592790|{l x^} {s^ u r i n x^ r} {s a~ t i} {s x^} {t a~ d r q} {d e} {n e^ r z} {e^} {d e} {m y s k l q} {d a s j e}.§
ES_LMP_NEB_01_0001|593701|596291|La Goualeuse, réfugiée au fond de l'allée,
ES_LMP_NEB_01_0001|593701|596291|{l a} {g w a l x z q}, {r e f y z^ j e} {o f o~ d x^ l a l e},
ES_LMP_NEB_01_0001|596511|599106|avait lestement grimpé plusieurs marches;
ES_LMP_NEB_01_0001|596511|599106|{a v e^} {l e^ s t x^ m a~} {g r e~ p e} {p l y z j x^ r} {m a r s^};
ES_LMP_NEB_01_0001|599611|604025|elle s'arrêta un moment, et s'écria en s'adressant à son défenseur inconnu:§
ES_LMP_NEB_01_0001|599611|604025|{e^ l} {s a r e^ t a} {x~} {m o^ m a~}, {e^} {s e k r i j a} {a~} {s a d r e^ s a~ t} {a} {s o~} {d e f a~ s x^ r} {e~ k o^ n y}:§
ES_LMP_NEB_01_0001|604616|606821|¬Oh! Merci, monsieur, d'avoir pris mon parti.
ES_LMP_NEB_01_0001|604616|606821|¬{o}! {m e^ r s i}, {m x^ s j x^}, {d a v w a r} {p r i} {m o~} {p a r t i}.
ES_LMP_NEB_01_0001|607111|610498|Le Chourineur m'a battue parce que je ne voulais pas lui payer d'eau-de-vie.
ES_LMP_NEB_01_0001|607111|610498|{l x^} {s^ u r i n x^ r} {m a} {b a t y} {p a r s k x^} {z^ x^} {n x^} {v u l e^} {p a} {l h i} {p e j e} {d o d x^ v i}.
ES_LMP_NEB_01_0001|610757|611983|Je me suis revengée,
ES_LMP_NEB_01_0001|610757|611983|{z^ x^} {m x^} {s h i} {r x^ v a~ z^ e},
ES_LMP_NEB_01_0001|612208|614822|mais je n'ai pu lui faire grand mal avec mes petits ciseaux.
ES_LMP_NEB_01_0001|612208|614822|{m e^} {z^ x^} {n e} {p y} {l h i} {f e^ r} {g r a~} {m a l} {a v e^ k} {m e} {p x^ t i} {s i z o}.
ES_LMP_NEB_01_0001|615222|617596|Maintenant je suis en sûreté, laissez-le;
ES_LMP_NEB_01_0001|615222|617596|{m e~ t q n a~} {z^ x^} {s h i z} {a~} {s y r t e}, {l e s e l x^};
ES_LMP_NEB_01_0001|617804|620167|prenez bien garde à vous, c'est le Chourineur.§
ES_LMP_NEB_01_0001|617804|620167|{p r x^ n e} {b j e~} {g a r d} {a} {v u}, {s e^} {l x^} {s^ u r i n x^ r}.§
ES_LMP_NEB_01_0001|620840|624075|L'effroi qu'inspirait cet homme était bien grand.§
ES_LMP_NEB_01_0001|620840|624075|{l e f r w a} {k e~ s p i r e^} {s e^ t} {o^ m q} {e t e^} {b j e~} {g r a~}.§
ES_LMP_NEB_01_0001|625029|628289|¬Mais vous ne m'entendez donc pas? Je vous dis que c'est le Chourineur!
ES_LMP_NEB_01_0001|625029|628289|¬{m e^} {v u} {n x^} {m a~ t a~ d e} {d o~ k} {p a}? {z^ x^} {v u} {d i} {k x^} {s e^} {l x^} {s^ u r i n x^ r}!
ES_LMP_NEB_01_0001|628563|629964|répéta la Goualeuse.§
ES_LMP_NEB_01_0001|628563|629964|{r e p e t a} {l a} {g w a l x z q}.§
ES_LMP_NEB_01_0001|630514|633289|¬Et moi je suis un "ferlampier" qui n'est pas "frileux",
ES_LMP_NEB_01_0001|630514|633289|¬{e^} {m w a} {z^ x^} {s h i z} {x~} "{f e^ r l a~ p j e}" {k i} {n e^} {p a} "{f r i l x}",
ES_LMP_NEB_01_0001|633574|634375|[note:
ES_LMP_NEB_01_0001|633574|634375|[{n o^ t q}:
ES_LMP_NEB_01_0001|634564|637209|je suis un bandit qui n'est pas un poltron],
ES_LMP_NEB_01_0001|634564|637209|{z^ x^} {s h i z} {x~} {b a~ d i} {k i} {n e^} {p a z} {x~} {p o^ l t r o~}],
ES_LMP_NEB_01_0001|637779|638710|dit l'inconnu.§
ES_LMP_NEB_01_0001|637779|638710|{d i} {l e~ k o^ n y}.§
ES_LMP_NEB_01_0001|639462|640982|Puis tout se tut.§
ES_LMP_NEB_01_0001|639462|640982|{p h i} {t u} {s x^} {t y}.§
ES_LMP_NEB_01_0001|641723|645773|On entendit pendant quelques secondes le bruit d'une lutte acharnée.§
ES_LMP_NEB_01_0001|641723|645773|{o~ n} {a~ t a~ d i} {p a~ d a~} {k e^ l k q} {s x^ g o~ d q} {l x^} {b r h i} {d y n q} {l y t} {a s^ a r n e}.§
ES_LMP_NEB_01_0001|646568|648376|¬Mais tu veux donc que je t'"escarpe",
ES_LMP_NEB_01_0001|646568|648376|¬{m e^} {t y} {v x} {d o~ k} {k x^} {z^ x^} {t}"{e^ s k a r p q}",
ES_LMP_NEB_01_0001|648751|649553|[note:
ES_LMP_NEB_01_0001|648751|649553|[{n o^ t q}:
ES_LMP_NEB_01_0001|649694|650776|que je te tue]?
ES_LMP_NEB_01_0001|649694|650776|{k x^} {z^ x^} {t x^} {t y}]?
ES_LMP_NEB_01_0001|651051|656216|s'écria le bandit en faisant un violent effort pour se débarrasser de son adversaire,
ES_LMP_NEB_01_0001|651051|656216|{s e k r i j a} {l x^} {b a~ d i} {a~} {f x^ z a~ t} {x~} {v j o^ l a~ t} {e f o^ r} {p u r} {s x^} {d e b a r a s e} {d x^} {s o~ n} {a d v e^ r s e^ r},
ES_LMP_NEB_01_0001|656396|659316|qu'il trouvait d'une vigueur extraordinaire.
ES_LMP_NEB_01_0001|656396|659316|{k i l} {t r u v e^} {d y n x^} {v i g x^ r} {e^ k s t r a o^ r d i n e^ r}.
ES_LMP_NEB_01_0001|659844|663547|Bon, bon, tu vas payer pour la Goualeuse et pour toi,
ES_LMP_NEB_01_0001|659844|663547|{b o~}, {b o~}, {t y} {v a} {p e j e} {p u r} {l a} {g w a l x z} {e^} {p u r} {t w a},
ES_LMP_NEB_01_0001|663908|666179|ajouta-t-il en grinçant les dents.§
ES_LMP_NEB_01_0001|663908|666179|{a z^ u t a t i l} {a~} {g r e~ s a~} {l e} {d a~}.§
ES_LMP_NEB_01_0001|666994|670202|¬Payer en monnaie de coups de poing, oui, répondit l'inconnu.§
ES_LMP_NEB_01_0001|666994|670202|¬{p e j e r} {a~} {m o^ n e^} {d x^} {k u} {d x^} {p w e~}, {w i}, {r e p o~ d i} {l e~ k o^ n y}.§
ES_LMP_NEB_01_0001|670975|674355|¬Si tu ne lâches pas ma cravate, je te mange le nez,
ES_LMP_NEB_01_0001|670975|674355|¬{s i} {t y} {n x^} {l a s^} {p a} {m a} {k r a v a t}, {z^ x^} {t x^} {m a~ z^} {l x^} {n e},
ES_LMP_NEB_01_0001|674585|676965|murmura le Chourineur d'une voix étouffée.§
ES_LMP_NEB_01_0001|674585|676965|{m y r m y r a} {l x^} {s^ u r i n x^ r} {d y n q} {v w a} {e t u f e}.§
ES_LMP_NEB_01_0001|677742|680620|¬J'ai le nez trop petit, mon homme, et tu n'y vois pas clair!§
ES_LMP_NEB_01_0001|677742|680620|¬{z^ e} {l x^} {n e} {t r o^} {p x^ t i}, {m o~ n} {o^ m}, {e^} {t y} {n i} {v w a} {p a} {k l e^ r}!§
ES_LMP_NEB_01_0001|681355|683485|¬Alors, viens sous le "pendu glacé",
ES_LMP_NEB_01_0001|681355|683485|¬{a l o^ r}, {v j e~} {s u} {l x^} "{p a~ d y} {g l a s e}",
ES_LMP_NEB_01_0001|683850|684620|[note:
ES_LMP_NEB_01_0001|683850|684620|[{n o^ t}:
ES_LMP_NEB_01_0001|684765|686145|sous le réverbère].§
ES_LMP_NEB_01_0001|684765|686145|{s u} {l x^} {r e v e^ r b e^ r}].§
ES_LMP_NEB_01_0001|687304|691229|¬Viens, reprit l'inconnu, nous nous y regarderons le blanc des yeux.§
ES_LMP_NEB_01_0001|687304|691229|¬{v j e~}, {r x^ p r i} {l e~ k o^ n y}, {n u} {n u z} {i} {r x^ g a r d x^ r o~} {l x^} {b l a~} {d e z} {j x}.§
ES_LMP_NEB_01_0001|692036|695981|Et, se précipitant sur le Chourineur, qu'il tenait toujours au collet,
ES_LMP_NEB_01_0001|692036|695981|{e^}, {s x^} {p r e s i p i t a~} {s y r} {l x^} {s^ u r i n x^ r}, {k i l} {t x^ n e^} {t u z^ u r z} {o} {k o^ l e^},
ES_LMP_NEB_01_0001|696173|699026|il le fit reculer jusqu'à la porte de l'allée,
ES_LMP_NEB_01_0001|696173|699026|{i l} {l x^} {f i} {r x^ k y l e} {z^ y s k a} {l a} {p o^ r t q} {d x^ l a l e},
ES_LMP_NEB_01_0001|699196|701232|et le poussa violemment dans la rue,
ES_LMP_NEB_01_0001|699196|701232|{e^} {l x^} {p u s a} {v j o^ l a m a~} {d a~} {l a} {r y},
ES_LMP_NEB_01_0001|701386|704091|à peine éclairée par la lueur du réverbère.§
ES_LMP_NEB_01_0001|701386|704091|{a p e^ n} {e k l e r e} {p a r} {l a} {l y x^ r} {d y} {r e v e^ r b e^ r}.§
ES_LMP_NEB_01_0001|705298|709281|Le bandit trébucha; mais, se raffermissant aussitôt,
ES_LMP_NEB_01_0001|705298|709281|{l x^} {b a~ d i} {t r e b y s^ a}; {m e^}, {s x^} {r a f e^ r m i s a~ t} {o s i t o},
ES_LMP_NEB_01_0001|709438|712300|il s'élança avec furie contre l'inconnu,
ES_LMP_NEB_01_0001|709438|712300|{i l} {s e l a~ s a} {a v e^ k} {f y r i} {k o~ t r q} {l e~ k o^ n y},
ES_LMP_NEB_01_0001|712515|718533|dont la taille très svelte et très mince ne semblait pas annoncer la force incroyable qu'il déployait.§
ES_LMP_NEB_01_0001|712515|718533|{d o~} {l a} {t a j} {t r e^} {s v e^ l t} {e^} {t r e^} {m e~ s} {n x^} {s a~ b l e^} {p a z} {a n o~ s e} {l a} {f o^ r s q} {e~ k r w a j a b l} {k i l} {d e p l w a j e^}.§
ES_LMP_NEB_01_0001|719456|725598|Le Chourineur, quoique d'une constitution athlétique et de première habileté dans une sorte de pugilat,
ES_LMP_NEB_01_0001|719456|725598|{l x^} {s^ u r i n x^ r}, {k w a k q} {d y n q} {k o~ s t i t y s j o~} {a t l e t i k} {e^} {d x^} {p r x^ m j e^ r} {a b i l t e} {d a~ z} {y n q} {s o^ r t q} {d x^} {p y z^ i l a},
ES_LMP_NEB_01_0001|725781|727906|appelé vulgairement la "savate",
ES_LMP_NEB_01_0001|725781|727906|{a p x^ l e} {v y l g e^ r m a~} {l a} "{s a v a t}",
ES_LMP_NEB_01_0001|728074|729577|trouva, comme on dit,
ES_LMP_NEB_01_0001|728074|729577|{t r u v a}, {k o^ m} {o~} {d i},
ES_LMP_NEB_01_0001|729738|730812|son "maître".§
ES_LMP_NEB_01_0001|729738|730812|{s o~} "{m e^ t r q}".§
ES_LMP_NEB_01_0001|731746|735356|L'inconnu lui "passa la jambe" [sorte de croc-en-jambe]
ES_LMP_NEB_01_0001|731746|735356|{l e~ k o^ n y} {l h i} "{p a s a} {l a} {z^ a~ b}" [{s o^ r t q} {d x^} {k r o a~ z^ a~ b q}]
ES_LMP_NEB_01_0001|735681|739989|avec une dextérité merveilleuse, et le renversa deux fois.§
ES_LMP_NEB_01_0001|735681|739989|{a v e^ k} {y n q} {d e^ k s t e r i t e} {m e^ r v e^ j x z q}, {e^} {l x^} {r a~ v e^ r s a} {d x} {f w a}.§
ES_LMP_NEB_01_0001|740671|744591|Ne voulant pas encore reconnaître la supériorité de son adversaire,
ES_LMP_NEB_01_0001|740671|744591|{n x^} {v u l a~} {p a z} {a~ k o^ r} {r x^ k o^ n e^ t r q} {l a} {s y p e r j o^ r i t e} {d x^} {s o~ n} {a d v e^ r s e^ r},
ES_LMP_NEB_01_0001|744801|748649|le Chourineur revint à la charge en rugissant de colère.§
ES_LMP_NEB_01_0001|744801|748649|{l x^} {s^ u r i n x^ r} {r x^ v e~ t} {a} {l a} {s^ a r z^} {a~} {r y z^ i s a~} {d x^} {k o^ l e^ r}.§
ES_LMP_NEB_01_0001|749329|753768|Alors le défenseur de la Goualeuse, changeant brusquement de méthode,
ES_LMP_NEB_01_0001|749329|753768|{a l o^ r} {l x^} {d e f a~ s x^ r} {d x^ l a} {g w a l x z}, {s^ a~ z^ a~} {b r y s k x^ m a~} {d x^} {m e t o^ d q},
ES_LMP_NEB_01_0001|753912|758024|fit pleuvoir sur la tête du bandit une grêle de coups de poing,
ES_LMP_NEB_01_0001|753912|758024|{f i} {p l x v w a r} {s y r} {l a} {t e^ t q} {d y} {b a~ d i} {y n q} {g r e^ l} {d x^} {k u} {d x^} {p w e~},
ES_LMP_NEB_01_0001|758169|761556|aussi rudement assenés qu'avec un gantelet de fer.§
ES_LMP_NEB_01_0001|758169|761556|{o s i} {r y d x^ m a~ t} {a s e n e} {k a v e^ k} {x~} {g a~ t x^ l e^} {d x^} {f e^ r}.§
ES_LMP_NEB_01_0001|762479|763605|Ces coups de poing,
ES_LMP_NEB_01_0001|762479|763605|{s e} {k u} {d x^} {p w e~},
ES_LMP_NEB_01_0001|763749|767094|dignes de l'envie et de l'admiration de Jack Turner,
ES_LMP_NEB_01_0001|763749|767094|{d i n~ q} {d x^ l a~ v i} {e^} {d x^ l a d m i r a s j o~} {d x^} {d z^ a k} {t x^ r n x^ r},
ES_LMP_NEB_01_0001|767259|769581|l'un des plus fameux boxeurs de Londres,
ES_LMP_NEB_01_0001|767259|769581|{l x~} {d e} {p l y} {f a m x} {b o^ k s x^ r} {d x^} {l o~ d r q},
ES_LMP_NEB_01_0001|769874|772904|étaient d'ailleurs si en dehors des règles de la savate,
ES_LMP_NEB_01_0001|769874|772904|{e t e^} {d a j x^ r} {s i} {a~ d x^ o^ r d e} {r e^ g l q} {d x^ l a} {s a v a t},
ES_LMP_NEB_01_0001|773087|775944|que le Chourineur en fut doublement étourdi;
ES_LMP_NEB_01_0001|773087|775944|{k x^} {l x^} {s^ u r i n x^ r} {a~} {f y} {d u b l x^ m a~ t} {e t u r d i};
ES_LMP_NEB_01_0001|776481|780877|pour la troisième fois le brigand tomba comme un boeuf sur le pavé,
ES_LMP_NEB_01_0001|776481|780877|{p u r} {l a} {t r w a z j e^ m} {f w a} {l x^} {b r i g a~} {t o~ b a} {k o^ m} {x~} {b x^ f} {s y r} {l x^} {p a v e},
ES_LMP_NEB_01_0001|781031|781936|en murmurant:§
ES_LMP_NEB_01_0001|781031|781936|{a~} {m y r m y r a~}:§
ES_LMP_NEB_01_0001|782404|783718|¬Mon linge est "lavé",
ES_LMP_NEB_01_0001|782404|783718|¬{m o~} {l e~ z^} {e^} "{l a v e}",
ES_LMP_NEB_01_0001|784218|787342|[note: je m'avoue vaincu, j'en ai assez].§
ES_LMP_NEB_01_0001|784218|787342|[{n o^ t q}: {z^ x^} {m a v u} {v e~ k y}, {z^ a~ n} {e} {a s e}].§
ES_LMP_NEB_01_0001|787888|790897|¬S'il renonce, ne l'achevez pas, ayez pitié de lui!
ES_LMP_NEB_01_0001|787888|790897|¬{s i l} {r x^ n o~ s}, {n x^} {l a s^ x^ v e} {p a}, {e^ j e} {p i t j e} {d x^} {l h i}!
ES_LMP_NEB_01_0001|791077|797448|dit la Goualeuse, qui pendant cette rixe s'était hasardée sur le seuil de l'allée de la maison de Bras-Rouge.
ES_LMP_NEB_01_0001|791077|797448|{d i} {l a} {g w a l x z q}, {k i} {p a~ d a~} {s e^ t q} {r i k s q} {s e t e^ t} {a z a r d e} {s y r} {l x^} {s x^ j} {d x^ l a l e} {d x^ l a} {m e^ z o~} {d x^} {b r a r u z^ q}.
ES_LMP_NEB_01_0001|797973|799796|Puis elle ajouta avec étonnement:
ES_LMP_NEB_01_0001|797973|799796|{p h i z} {e^ l} {a z^ u t a} {a v e^ k} {e t o^ n m a~}:
ES_LMP_NEB_01_0001|800336|801831|mais qui êtes-vous donc?
ES_LMP_NEB_01_0001|800336|801831|{m e^} {k i} {e^ t q v u} {d o~ k}?
ES_LMP_NEB_01_0001|802091|807831|Excepté le maître d'école, il n'y a personne, depuis la rue Saint-éloi jusqu'à Notre-Dame,
ES_LMP_NEB_01_0001|802091|807831|{e^ k s e^ p t e} {l x^} {m e^ t r q} {d e k o^ l q}, {i l} {n i} {a} {p e^ r s o^ n q}, {d x^ p h i} {l a} {r y} {s e~ t e l w a} {z^ y s k a} {n o^ t r x^ d a m},
ES_LMP_NEB_01_0001|807981|809991|capable de battre le Chourineur.
ES_LMP_NEB_01_0001|807981|809991|{k a p a b l q} {d x^} {b a t r q} {l x^} {s^ u r i n x^ r}.
ES_LMP_NEB_01_0001|810492|812146|Je vous remercie bien, monsieur;
ES_LMP_NEB_01_0001|810492|812146|{z^ x^} {v u} {r x^ m e^ r s i} {b j e~}, {m x^ s j x^};
ES_LMP_NEB_01_0001|812292|814507|hélas! Sans vous il m'assommait.§
ES_LMP_NEB_01_0001|812292|814507|{e l a s}! {s a~} {v u} {i l} {m a s o^ m e^}.§
ES_LMP_NEB_01_0001|815416|820089|L'inconnu, au lieu de répondre à cette femme, écoutait attentivement sa voix.§
ES_LMP_NEB_01_0001|815416|820089|{l e~ k o^ n y}, {o} {l j x} {d x^} {r e p o~ d r} {a} {s e^ t q} {f a m q}, {e k u t e^ t} {a t a~ t i v m a~} {s a} {v w a}.§
ES_LMP_NEB_01_0001|820788|827078|Jamais timbre plus doux, plus frais, plus argentin, ne s'était fait entendre à son oreille;
ES_LMP_NEB_01_0001|820788|827078|{z^ a m e^} {t e~ b r q} {p l y} {d u}, {p l y} {f r e^}, {p l y z} {a r z^ a~ t e~}, {n x^} {s e t e^} {f e^ t} {a~ t a~ d r} {a} {s o~ n} {o^ r e^ j};
ES_LMP_NEB_01_0001|827818|830632|il tâcha de distinguer les traits de la Goualeuse:
ES_LMP_NEB_01_0001|827818|830632|{i l} {t a s^ a} {d x^} {d i s t e~ g e} {l e} {t r e^} {d x^ l a} {g w a l x z}:
ES_LMP_NEB_01_0001|830892|833897|il ne put y parvenir, la nuit était trop sombre,
ES_LMP_NEB_01_0001|830892|833897|{i l} {n x^} {p y t} {i} {p a r v x^ n i r}, {l a} {n h i} {e t e^} {t r o^} {s o~ b r},
ES_LMP_NEB_01_0001|834062|836797|la clarté du réverbère était trop pâle.§
ES_LMP_NEB_01_0001|834062|836797|{l a} {k l a r t e} {d y} {r e v e^ r b e^ r} {e t e^} {t r o^} {p a l}.§
ES_LMP_NEB_01_0001|837716|843652|Après être resté quelques minutes sans mouvement, le Chourineur remua la jambe, les bras,
ES_LMP_NEB_01_0001|837716|843652|{a p r e^ z} {e^ t r q} {r e^ s t e} {k e^ l k q} {m i n y t} {s a~} {m u v m a~}, {l x^} {s^ u r i n x^ r} {r x^ m y a} {l a} {z^ a~ b q}, {l e} {b r a},
ES_LMP_NEB_01_0001|843891|846026|et enfin se leva sur son séant.§
ES_LMP_NEB_01_0001|843891|846026|{e^} {a~ f e~} {s x^} {l x^ v a} {s y r} {s o~} {s e a~}.§
ES_LMP_NEB_01_0001|846529|851195|¬Prenez garde! s'écria la Goualeuse en se réfugiant de nouveau dans l'allée,
ES_LMP_NEB_01_0001|846529|851195|¬{p r x^ n e} {g a r d q}! {s e k r i j a} {l a} {g w a l x z q} {a~} {s x^} {r e f y z^ j a~} {d x^ n u v o} {d a~} {l a l e},
ES_LMP_NEB_01_0001|851344|853595|et en tirant son protecteur par le bras,
ES_LMP_NEB_01_0001|851344|853595|{e^} {a~} {t i r a~} {s o~} {p r o^ t e^ k t x^ r} {p a r} {l x^} {b r a},
ES_LMP_NEB_01_0001|853786|856645|prenez garde, il va peut-être vouloir se revenger!§
ES_LMP_NEB_01_0001|853786|856645|{p r x^ n e} {g a r d q}, {i l} {v a} {p x t e^ t r q} {v u l w a r} {s x^} {r x^ v a~ z^ e}!§
ES_LMP_NEB_01_0001|857343|861030|¬Sois tranquille, ma fille, s'il en veut encore, j'ai de quoi le servir.§
ES_LMP_NEB_01_0001|857343|861030|¬{s w a} {t r a~ k i l}, {m a} {f i j}, {s i l} {a~} {v x t} {a~ k o^ r}, {z^ e} {d x^} {k w a} {l x^} {s e^ r v i r}.§
ES_LMP_NEB_01_0001|861793|863703|Le brigand entendit ces mots.§
ES_LMP_NEB_01_0001|861793|863703|{l x^} {b r i g a~} {a~ t a~ d i} {s e} {m o^}.§
ES_LMP_NEB_01_0001|864287|867557|¬J'ai la coloquinte en bringues, dit-il à l'inconnu.
ES_LMP_NEB_01_0001|864287|867557|¬{z^ e} {l a} {k o^ l o^ k e~ t} {a~} {b r e~ g q}, {d i t i l} {a} {l e~ k o^ n y}.
ES_LMP_NEB_01_0001|867773|870187|Pour aujourd'hui j'en ai assez, je n'en mangerai plus;
ES_LMP_NEB_01_0001|867773|870187|{p u r} {o z^ u r d h i} {z^ a~ n} {e} {a s e}, {z^ x^} {n a~} {m a~ z^ r e} {p l y};
ES_LMP_NEB_01_0001|870426|873116|une autre fois je ne dis pas, si je te retrouve.§
ES_LMP_NEB_01_0001|870426|873116|{y n} {o t r x^} {f w a} {z^ x^} {n x^} {d i} {p a}, {s i} {z^ x^} {t x^} {r x^ t r u v q}.§
ES_LMP_NEB_01_0001|873981|875507|¬Est-ce que tu n'es pas content?
ES_LMP_NEB_01_0001|873981|875507|¬{e^ s k x^} {t y} {n e^} {p a} {k o~ t a~}?
ES_LMP_NEB_01_0001|875792|877003|Est-ce que tu te plains?
ES_LMP_NEB_01_0001|875792|877003|{e^ s k x^} {t y} {t x^} {p l e~}?
ES_LMP_NEB_01_0001|877257|879327|s'écria l'inconnu d'un ton menaçant.
ES_LMP_NEB_01_0001|877257|879327|{s e k r i j a} {l e~ k o^ n y} {d x~} {t o~} {m x^ n a s a~}.
ES_LMP_NEB_01_0001|879817|881257|Est-ce que j'ai "macarone",
ES_LMP_NEB_01_0001|879817|881257|{e^ s k x^} {z^ e} "{m a k a r o^ n e}",
ES_LMP_NEB_01_0001|881557|882350|[note:
ES_LMP_NEB_01_0001|881557|882350|[{n o^ t q}:
ES_LMP_NEB_01_0001|882662|884040|agi en traître]?§
ES_LMP_NEB_01_0001|882662|884040|{a z^ i} {a~} {t r e^ t r q}]?§
ES_LMP_NEB_01_0001|884447|886145|¬Non, non, je ne me plains pas:
ES_LMP_NEB_01_0001|884447|886145|¬{n o~}, {n o~}, {z^ x^} {n x^} {m x^} {p l e~} {p a}:
ES_LMP_NEB_01_0001|886294|888010|tu es un cadet qui a de l'"atout",
ES_LMP_NEB_01_0001|886294|888010|{t y} {e^ z} {x~} {k a d e^} {k i} {a} {d x^ l}"{a t u}",
ES_LMP_NEB_01_0001|888182|889790|dit le brigand d'un ton bourru,
ES_LMP_NEB_01_0001|888182|889790|{d i} {l x^} {b r i g a~} {d x~} {t o~} {b u r y},
ES_LMP_NEB_01_0001|889932|896952|mais avec cette sorte de considération respectueuse que la force physique impose toujours aux gens de cette espèce.
ES_LMP_NEB_01_0001|889932|896952|{m e^ z} {a v e^ k} {s e^ t} {s o^ r t q} {d x^} {k o~ s i d e r a s j o~} {r e^ s p e^ k t y x z} {k x^} {l a} {f o^ r s q} {f i z i k} {e~ p o z} {t u z^ u r z} {o} {z^ a~} {d x^} {s e^ t} {e^ s p e^ s}.
ES_LMP_NEB_01_0001|897578|898738|Tu m'as rincé;
ES_LMP_NEB_01_0001|897578|898738|{t y} {m a} {r e~ s e};
ES_LMP_NEB_01_0001|899088|903086|et, excepté le maître d'école, qui mangerait trois alcides à son déjeuner,
ES_LMP_NEB_01_0001|899088|903086|{e^}, {e^ k s e^ p t e} {l x^} {m e^ t r q} {d e k o^ l q}, {k i} {m a~ z^ x^ r e^} {t r w a z} {a l s i d} {a} {s o~} {d e z^ x n e},
ES_LMP_NEB_01_0001|903359|907694|personne jusqu'à cette heure ne peut se vanter de me mettre le pied sur la tête.§
ES_LMP_NEB_01_0001|903359|907694|{p e^ r s o^ n} {z^ y s k a} {s e^ t} {x^ r} {n x^} {p x} {s x^} {v a~ t e} {d x^} {m x^} {m e^ t r q} {l x^} {p j e} {s y r} {l a} {t e^ t}.§
ES_LMP_NEB_01_0001|908598|909803|¬Eh bien! Après?§
ES_LMP_NEB_01_0001|908598|909803|¬{e b j e~}! {a p r e^}?§
ES_LMP_NEB_01_0001|910710|911350|¬Après?~
ES_LMP_NEB_01_0001|910710|911350|¬{a p r e^}?~
ES_LMP_NEB_01_0001|911510|913080|J'ai trouvé mon maître, voilà tout.
ES_LMP_NEB_01_0001|911510|913080|{z^ e} {t r u v e} {m o~} {m e^ t r q}, {v w a l a} {t u}.
ES_LMP_NEB_01_0001|913236|915737|Tu auras le tien un jour ou l'autre, tôt ou tard~
ES_LMP_NEB_01_0001|913236|915737|{t y} {o^ r a} {l x^} {t j e~} {x~} {z^ u r} {u} {l o t r q}, {t o} {u} {t a r}~
ES_LMP_NEB_01_0001|916000|917657|Tout le monde trouve le sien~
ES_LMP_NEB_01_0001|916000|917657|{t u l q} {m o~ d} {t r u v} {l x^} {s j e~}~
ES_LMP_NEB_01_0001|918104|921042|À défaut d'hommes, il y a toujours bien le "meg" des "megs",
ES_LMP_NEB_01_0001|918104|921042|{a d e f o d o^ m q}, {i l} {i} {a} {t u z^ u r} {b j e~} {l x^} "{m e^ g}" {d e} "{m e^ g q}",
ES_LMP_NEB_01_0001|921242|922007|[note:
ES_LMP_NEB_01_0001|921242|922007|[{n o^ t}:
ES_LMP_NEB_01_0001|922332|922997|dieu],
ES_LMP_NEB_01_0001|922332|922997|{d j x}],
ES_LMP_NEB_01_0001|923379|924898|comme disent les "sangliers",
ES_LMP_NEB_01_0001|923379|924898|{k o^ m} {d i z q} {l e} "{s a~ g l i j e}",
ES_LMP_NEB_01_0001|925307|926090|[note:
ES_LMP_NEB_01_0001|925307|926090|[{n o^ t q}:
ES_LMP_NEB_01_0001|926232|927314|les prêtres].
ES_LMP_NEB_01_0001|926232|927314|{l e} {p r e^ t r q}].
ES_LMP_NEB_01_0001|927812|934392|Ce qui est sûr, c'est que, maintenant que tu as mis le Chourineur sous tes pieds, tu peux faire les quatre cents coups dans la cité.
ES_LMP_NEB_01_0001|927812|934392|{s x^} {k i} {e^} {s y r}, {s e^} {k x^}, {m e~ t x^ n a~} {k x^} {t y} {a} {m i} {l x^} {s^ u r i n x^ r} {s u} {t e} {p j e}, {t y} {p x} {f e^ r} {l e} {k a t r q} {s a~} {k u} {d a~} {l a} {s i t e}.
ES_LMP_NEB_01_0001|934718|937232|Toutes les filles d'amour seront tes esclaves:
ES_LMP_NEB_01_0001|934718|937232|{t u t x^ l e} {f i j} {d a m u r} {s x^ r o~} {t e z} {e^ s k l a v q}:
ES_LMP_NEB_01_0001|937497|940792|"ogres" et "ogresses" n'oseront pas refuser de te faire crédit.
ES_LMP_NEB_01_0001|937497|940792|"{o^ g r q z}" {e^} "{o^ g r e^ s}" {n o z x^ r o~} {p a} {r x^ f y z e} {d x^} {t x^} {f e^ r} {k r e d i}.
ES_LMP_NEB_01_0001|941198|942082|Ah çà!
ES_LMP_NEB_01_0001|941198|942082|{a} {s a}!
ES_LMP_NEB_01_0001|942337|943596|Mais qui es-tu donc?~
ES_LMP_NEB_01_0001|942337|943596|{m e^} {k i} {e^ t y} {d o~ k q}?~
ES_LMP_NEB_01_0001|943833|945304|Tu "dévides le jars",
ES_LMP_NEB_01_0001|943833|945304|{t y} "{d e v i d q} {l x^} {z^ a r}",
ES_LMP_NEB_01_0001|945499|947645|[note: tu parles argot]
ES_LMP_NEB_01_0001|945499|947645|[{n o^ t q}: {t y} {p a r l} {a r g o}]
ES_LMP_NEB_01_0001|947809|949079|comme père et mère!
ES_LMP_NEB_01_0001|947809|949079|{k o^ m} {p e^ r} {e^} {m e^ r}!
ES_LMP_NEB_01_0001|949454|950694|Si tu es "grinche",
ES_LMP_NEB_01_0001|949454|950694|{s i} {t y} {e^} "{g r e~ s^}",
ES_LMP_NEB_01_0001|950944|951744|[note:
ES_LMP_NEB_01_0001|950944|951744|[{n o^ t q}:
ES_LMP_NEB_01_0001|951919|952959|voleur],
ES_LMP_NEB_01_0001|951919|952959|{v o^ l x^ r}],
ES_LMP_NEB_01_0001|953224|954589|je ne suis pas ton homme.
ES_LMP_NEB_01_0001|953224|954589|{z^ x^} {n x^} {s h i} {p a} {t o~ n} {o^ m q}.
ES_LMP_NEB_01_0001|955129|956153|J'ai "chouriné",
ES_LMP_NEB_01_0001|955129|956153|{z^ e} "{s^ u r i n e}",
ES_LMP_NEB_01_0001|956294|957090|[note:
ES_LMP_NEB_01_0001|956294|957090|[{n o^ t q}:
ES_LMP_NEB_01_0001|957249|959709|donner des coups de couteau à un homme],
ES_LMP_NEB_01_0001|957249|959709|{d o^ n e} {d e} {k u} {d x^} {k u t o} {a} {x~ n} {o^ m q}],
ES_LMP_NEB_01_0001|960049|960779|c'est vrai;
ES_LMP_NEB_01_0001|960049|960779|{s e^} {v r e^};
ES_LMP_NEB_01_0001|961094|965508|parce que, quand le sang me monte aux yeux, j'y vois rouge, et il faut que je frappe~
ES_LMP_NEB_01_0001|961094|965508|{p a r s k x^}, {k a~} {l x^} {s a~} {m x^} {m o~ t} {o z} {j x}, {z^ i} {v w a} {r u z^}, {e^} {i l} {f o} {k x^} {z^ x^} {f r a p q}~
ES_LMP_NEB_01_0001|965891|968956|Mais j'ai payé mes chourinades en allant quinze ans au pré,
ES_LMP_NEB_01_0001|965891|968956|{m e^} {z^ e} {p e j e} {m e} {s^ u r i n a d q} {a~ n} {a l a~} {k e~ z} {a~ z} {o} {p r e},
ES_LMP_NEB_01_0001|969131|969917|[note:
ES_LMP_NEB_01_0001|969131|969917|[{n o^ t q}:
ES_LMP_NEB_01_0001|970070|970961|aux galères].
ES_LMP_NEB_01_0001|970070|970961|{o} {g a l e^ r}].
ES_LMP_NEB_01_0001|971533|974086|Mon temps est fini, je ne dois rien aux "curieux",
ES_LMP_NEB_01_0001|971533|974086|{m o~} {t a~} {e^} {f i n i}, {z^ x^} {n x^} {d w a} {r j e~ n} {o} "{k y r j x}",
ES_LMP_NEB_01_0001|974251|975042|[note:
ES_LMP_NEB_01_0001|974251|975042|[{n o^ t q}:
ES_LMP_NEB_01_0001|975199|976172|aux juges],
ES_LMP_NEB_01_0001|975199|976172|{o} {z^ y z^ q}],
ES_LMP_NEB_01_0001|976772|978681|et je n'ai jamais "grinché",
ES_LMP_NEB_01_0001|976772|978681|{e^} {z^ x^} {n e} {z^ a m e^} "{g r e~ s^ e}",
ES_LMP_NEB_01_0001|978826|980403|[note: volé]:
ES_LMP_NEB_01_0001|978826|980403|[{n o^ t q}: {v o^ l e}]:
ES_LMP_NEB_01_0001|980909|982372|demande à la Goualeuse.§
ES_LMP_NEB_01_0001|980909|982372|{d x^ m a~ d} {a} {l a} {g w a l x z q}.§
ES_LMP_NEB_01_0001|983309|985999|¬C'est vrai, ce n'est pas un voleur, dit celle-ci.§
ES_LMP_NEB_01_0001|983309|985999|¬{s e^} {v r e^}, {s x^} {n e^} {p a z} {x~} {v o^ l x^ r}, {d i} {s e^ l s i}.§
ES_LMP_NEB_01_0001|986742|990787|¬Alors, viens boire un verre "d'eau d'aff", et tu me connaîtras, dit l'inconnu;
ES_LMP_NEB_01_0001|986742|990787|¬{a l o^ r}, {v j e~} {b w a r} {x~} {v e^ r} "{d o} {d a f}", {e^} {t y} {m x^} {k o^ n e^ t r a}, {d i} {l e~ k o^ n y};
ES_LMP_NEB_01_0001|990982|992657|allons, sans rancune.§
ES_LMP_NEB_01_0001|990982|992657|{a l o~}, {s a~} {r a~ k y n q}.§
ES_LMP_NEB_01_0001|993588|994920|¬C'est honnête de ta part~
ES_LMP_NEB_01_0001|993588|994920|¬{s e^ t} {o^ n e^ t} {d x^} {t a} {p a r}~
ES_LMP_NEB_01_0001|995075|998449|Tu es mon maître, je le reconnais, tu sais rudement jouer des poignets~
ES_LMP_NEB_01_0001|995075|998449|{t y} {e^} {m o~} {m e^ t r q}, {z^ x^} {l x^} {r x^ k o^ n e^}, {t y} {s e^} {r y d x^ m a~} {z^ w e} {d e} {p w a n j e^}~
ES_LMP_NEB_01_0001|998866|1001459|Il y a eu surtout la grêle de coups de poing de la fin~
ES_LMP_NEB_01_0001|998866|1001459|{i l} {i} {a} {y} {s y r t u} {l a} {g r e^ l} {d x^} {k u} {d x^} {p w e~} {d x^ l a} {f e~}~
ES_LMP_NEB_01_0001|1001607|1006653|Tonnerre! Comme ça me pleuvait sur la boule! Je n'ai jamais rien vu de pareil~
ES_LMP_NEB_01_0001|1001607|1006653|{t o^ n e^ r}! {k o^ m} {s a} {m x^} {p l x v e^} {s y r} {l a} {b u l q}! {z^ x^} {n e} {z^ a m e^} {r j e~} {v y} {d x^} {p a r e^ j}~
ES_LMP_NEB_01_0001|1006961|1008506|Comme c'était festonné!
ES_LMP_NEB_01_0001|1006961|1008506|{k o^ m} {s e t e^} {f e^ s t o^ n e}!
ES_LMP_NEB_01_0001|1008794|1010994|Ça allait comme un marteau de forge.
ES_LMP_NEB_01_0001|1008794|1010994|{s a} {a l e^} {k o^ m} {x~} {m a r t o} {d x^} {f o^ r z^}.
ES_LMP_NEB_01_0001|1011404|1012469|C'est un nouveau jeu~
ES_LMP_NEB_01_0001|1011404|1012469|{s e^ t} {x~} {n u v o} {z^ x}~
ES_LMP_NEB_01_0001|1012694|1013890|Faudra me l'apprendre.§
ES_LMP_NEB_01_0001|1012694|1013890|{f o d r a} {m} {l a p r a~ d r}.§
ES_LMP_NEB_01_0001|1014739|1016304|¬Je recommencerai quand tu voudras.§
ES_LMP_NEB_01_0001|1014739|1016304|¬{z^ x^} {r x^ k o^ m a~ s r e} {k a~} {t y} {v u d r a}.§
ES_LMP_NEB_01_0001|1016889|1021239|¬Pas sur moi, toujours, dis donc; eh! Pas sur moi. J'en ai encore des éblouissements.
ES_LMP_NEB_01_0001|1016889|1021239|¬{p a} {s y r} {m w a}, {t u z^ u r}, {d i} {d o~ k}; {e}! {p a} {s y r} {m w a}. {z^ a~ n} {e} {a~ k o^ r} {d e z} {e b l u i s m a~}.
ES_LMP_NEB_01_0001|1021619|1024739|Mais tu connais donc Bras-Rouge, que tu étais dans l'allée de sa maison?§
ES_LMP_NEB_01_0001|1021619|1024739|{m e^} {t y} {k o^ n e^} {d o~ k} {b r a r u z^}, {k x^} {t y} {e t e^} {d a~} {l a l e} {d x^} {s a} {m e^ z o~}?§
ES_LMP_NEB_01_0001|1025469|1028431|¬Bras-Rouge! dit l'inconnu surpris de cette question;
ES_LMP_NEB_01_0001|1025469|1028431|¬{b r a r u z^ q}! {d i} {l e~ k o^ n y} {s y r p r i} {d x^} {s e^ t} {k e^ s t j o~};
ES_LMP_NEB_01_0001|1028810|1030446|je ne sais pas ce que tu veux dire;
ES_LMP_NEB_01_0001|1028810|1030446|{z^ x^} {n x^} {s e^} {p a} {s x^} {k x^} {t y} {v x} {d i r};
ES_LMP_NEB_01_0001|1030715|1033431|il n'y a pas que Bras-Rouge qui habite cette maison, sans doute?§
ES_LMP_NEB_01_0001|1030715|1033431|{i l} {n i} {a} {p a} {k x^} {b r a r u z^} {k i} {a b i t} {s e^ t} {m e^ z o~}, {s a~ d u t}?§
ES_LMP_NEB_01_0001|1034258|1035468|¬Si fait, mon homme~
ES_LMP_NEB_01_0001|1034258|1035468|¬{s i} {f e^}, {m o~ n} {o^ m q}~
ES_LMP_NEB_01_0001|1035619|1038203|Bras-Rouge a ses raisons pour ne pas aimer les voisins,
ES_LMP_NEB_01_0001|1035619|1038203|{b r a r u z^} {a} {s e} {r e^ z o~} {p u r} {n x^} {p a z} {e m e} {l e} {v w a z e~},
ES_LMP_NEB_01_0001|1038493|1041558|dit le Chourineur en souriant d'un air singulier.§
ES_LMP_NEB_01_0001|1038493|1041558|{d i} {l x^} {s^ u r i n x^ r} {a~} {s u r j a~} {d x~ n} {e^ r} {s e~ g y l j e}.§
ES_LMP_NEB_01_0001|1043024|1044628|¬Eh bien! Tant mieux pour lui,
ES_LMP_NEB_01_0001|1043024|1044628|¬{e b j e~}! {t a~} {m j x} {p u r} {l h i},
ES_LMP_NEB_01_0001|1044769|1049539|reprit l'inconnu, qui semblait ne pas vouloir continuer la conversation à ce sujet.
ES_LMP_NEB_01_0001|1044769|1049539|{r x^ p r i} {l e~ k o^ n y}, {k i} {s a~ b l e^} {n x^} {p a} {v u l w a r} {k o~ t i n y e} {l a} {k o~ v e^ r s a s j o~} {a} {s x^} {s y z^ e^}.
ES_LMP_NEB_01_0001|1050204|1056599|Je ne connais pas plus Bras-Rouge que Bras-Noir; il pleuvait, j'étais entré un moment dans cette allée pour me mettre à l'abri:
ES_LMP_NEB_01_0001|1050204|1056599|{z^ x^} {n x^} {k o^ n e^} {p a} {p l y s} {b r a r u z^} {k x^} {b r a n w a r}; {i l} {p l x v e^}, {z^ e t e^ z} {a~ t r e} {x~} {m o^ m a~} {d a~} {s e^ t} {a l e} {p u r} {m x^} {m e^ t r} {a} {l a b r i}:
ES_LMP_NEB_01_0001|1056771|1060368|tu as voulu battre cette pauvre fille, je t'ai battu, voilà tout.§
ES_LMP_NEB_01_0001|1056771|1060368|{t y} {a} {v u l y} {b a t r q} {s e^ t q} {p o v r q} {f i j}, {z^ x^} {t e} {b a t y}, {v w a l a} {t u}.§
ES_LMP_NEB_01_0001|1060849|1061733|¬C'est juste:
ES_LMP_NEB_01_0001|1060849|1061733|¬{s e^} {z^ y s t q}:
ES_LMP_NEB_01_0001|1061882|1063784|d'ailleurs tes affaires ne me regardent pas;
ES_LMP_NEB_01_0001|1061882|1063784|{d a j x^ r} {t e z} {a f e^ r} {n x^} {m x^} {r x^ g a r d q} {p a};
ES_LMP_NEB_01_0001|1064097|1068062|tous ceux qui ont besoin de Bras-Rouge ne vont pas le dire à Rome. N'en parlons plus.§
ES_LMP_NEB_01_0001|1064097|1068062|{t u s x} {k i} {o~} {b x^ z w e~} {d x^} {b r a r u z^} {n x^} {v o~} {p a} {l x^} {d i r} {a} {r o m q}. {n a~} {p a r l o~} {p l y}.§
ES_LMP_NEB_01_0001|1068796|1070898|Puis, s'adressant à la Goualeuse:§
ES_LMP_NEB_01_0001|1068796|1070898|{p h i}, {s a d r e^ s a~ t} {a} {l a} {g w a l x z q}:§
ES_LMP_NEB_01_0001|1071253|1073184|¬Foi d'homme, tu es une bonne fille;
ES_LMP_NEB_01_0001|1071253|1073184|¬{f w a} {d o^ m}, {t y} {e^ z} {y n} {b o^ n} {f i j};
ES_LMP_NEB_01_0001|1073333|1076793|je t'ai donné une calotte, tu m'as rendu un coup de ciseaux, c'était de jeu;
ES_LMP_NEB_01_0001|1073333|1076793|{z^ x^} {t e} {d o^ n e} {y n} {k a l o^ t}, {t y} {m a} {r a~ d y} {x~} {k u} {d x^} {s i z o}, {s e t e^} {d x^} {z^ x};
ES_LMP_NEB_01_0001|1077143|1083123|mais, ce qui est gentil de ta part, c'est que tu n'as pas aguiché cet enragé-là contre moi, quand je n'en voulais plus.
ES_LMP_NEB_01_0001|1077143|1083123|{m e^}, {s x^} {k i} {e^} {z^ a~ t i} {d x^} {t a} {p a r}, {s e^} {k x^} {t y} {n a} {p a z} {a g i s^ e} {s e^ t} {a~ r a z^ e l a} {k o~ t r q} {m w a}, {k a~} {z^ x^} {n a~} {v u l e^} {p l y}.
ES_LMP_NEB_01_0001|1083316|1085799|Tu viendras boire avec nous! C'est monsieur qui paye.
ES_LMP_NEB_01_0001|1083316|1085799|{t y} {v j e~ d r a} {b w a r} {a v e^ k} {n u}! {s e^} {m x^ s j x^} {k i} {p e^ j}.
ES_LMP_NEB_01_0001|1086383|1087923|À propos de ça, mon brave,
ES_LMP_NEB_01_0001|1086383|1087923|{a p r o^ p o d x^} {s a}, {m o~} {b r a v q},
ES_LMP_NEB_01_0001|1088068|1089253|dit-il à l'inconnu,
ES_LMP_NEB_01_0001|1088068|1089253|{d i t i l} {a} {l e~ k o^ n y},
ES_LMP_NEB_01_0001|1089478|1091458|si, au lieu d'aller "pitancher",
ES_LMP_NEB_01_0001|1089478|1091458|{s i}, {o} {l j x} {d a l e} "{p i t a~ s^ e}",
ES_LMP_NEB_01_0001|1091618|1093191|[note: boire,
ES_LMP_NEB_01_0001|1091618|1093191|[{n o^ t q}: {b w a r},
ES_LMP_NEB_01_0001|1093418|1094388|de l'eau d'aff],
ES_LMP_NEB_01_0001|1093418|1094388|{d x^ l o} {d a f}],
ES_LMP_NEB_01_0001|1094533|1096349|nous allions nous "refaire de sorgue",
ES_LMP_NEB_01_0001|1094533|1096349|{n u z} {a l j o~} {n u} "{r x^ f e^ r} {d x^} {s o^ r g q}",
ES_LMP_NEB_01_0001|1096510|1098088|[note: souper]
ES_LMP_NEB_01_0001|1096510|1098088|[{n o^ t q}: {s u p e}]
ES_LMP_NEB_01_0001|1098718|1100313|chez l'ogresse du Lapin-Blanc:
ES_LMP_NEB_01_0001|1098718|1100313|{s^ e} {l o^ g r e^ s} {d y} {l a p e~ b l a~}:
ES_LMP_NEB_01_0001|1100463|1101588|c'est un tapis-franc.§
ES_LMP_NEB_01_0001|1100463|1101588|{s e^ t} {x~} {t a p i f r a~}.§
ES_LMP_NEB_01_0001|1102408|1104095|¬Tope, je paye à souper.
ES_LMP_NEB_01_0001|1102408|1104095|¬{t o^ p}, {z^ x^} {p e^ j} {a} {s u p e}.
ES_LMP_NEB_01_0001|1104297|1106772|Veux-tu venir, la Goualeuse? dit l'inconnu.§
ES_LMP_NEB_01_0001|1104297|1106772|{v x t y} {v x^ n i r}, {l a} {g w a l x z q}? {d i} {l e~ k o^ n y}.§
ES_LMP_NEB_01_0001|1107391|1109786|¬Oh! J'avais bien faim, répondit-elle:
ES_LMP_NEB_01_0001|1107391|1109786|¬{o}! {z^ a v e^} {b j e~} {f e~}, {r e p o~ d i t e^ l}:
ES_LMP_NEB_01_0001|1110016|1113011|mais de voir des batteries ça m'écoeure, je n'ai plus d'appétit.§
ES_LMP_NEB_01_0001|1110016|1113011|{m e^} {d x^} {v w a r} {d e} {b a t x^ r i} {s a} {m e k x^ r}, {z^ x^} {n e} {p l y} {d a p e t i}.§
ES_LMP_NEB_01_0001|1113597|1117227|¬Bah! Bah! Ça te viendra en mangeant, dit le Chourineur;
ES_LMP_NEB_01_0001|1113597|1117227|¬{b a}! {b a}! {s a} {t x^} {v j e~ d r a} {a~} {m a~ z^ a~}, {d i} {l x^} {s^ u r i n x^ r};
ES_LMP_NEB_01_0001|1117486|1119466|et la cuisine est fameuse au Lapin-Blanc.§
ES_LMP_NEB_01_0001|1117486|1119466|{e^} {l a} {k h i z i n} {e^} {f a m x z} {o} {l a p e~ b l a~}.§
ES_LMP_NEB_01_0001|1120593|1125793|Les trois personnages, alors en parfaite intelligence, se dirigèrent vers la taverne.§
ES_LMP_NEB_01_0001|1120593|1125793|{l e} {t r w a} {p e^ r s o^ n a z^}, {a l o^ r z} {a~} {p a r f e^ t} {e~ t e l i z^ a~ s}, {s x^} {d i r i z^ e^ r} {v e^ r} {l a} {t a v e^ r n q}.§
ES_LMP_NEB_01_0001|1126409|1129092|Pendant la lutte du Chourineur et de l'inconnu,
ES_LMP_NEB_01_0001|1126409|1129092|{p a~ d a~} {l a} {l y t q} {d y} {s^ u r i n x^ r} {e^} {d x^ l e~ k o^ n y},
ES_LMP_NEB_01_0001|1129346|1131991|un charbonnier d'une taille colossale,
ES_LMP_NEB_01_0001|1129346|1131991|{x~} {s^ a r b o^ n j e} {d y n q} {t a j} {k o^ l o^ s a l},
ES_LMP_NEB_01_0001|1132196|1133819|embusqué dans une autre allée,
ES_LMP_NEB_01_0001|1132196|1133819|{a~ b y s k e} {d a~ z} {y n} {o t r} {a l e},
ES_LMP_NEB_01_0001|1134101|1137161|avait observé avec anxiété les chances du combat,
ES_LMP_NEB_01_0001|1134101|1137161|{a v e^ t} {o^ p s e^ r v e} {a v e^ k} {a~ k s j e t e} {l e} {s^ a~ s q} {d y} {k o~ b a},
ES_LMP_NEB_01_0001|1137415|1143075|sans toutefois, ainsi qu'on l'a vu, prêter le moindre secours à l'un des deux adversaires.§
ES_LMP_NEB_01_0001|1137415|1143075|{s a~} {t u t x^ f w a}, {e~ s i k o~} {l a} {v y}, {p r e t e} {l x^} {m w e~ d r q} {s x^ k u r} {a} {l x~} {d e} {d x z} {a d v e^ r s e^ r}.§
ES_LMP_NEB_01_0001|1143829|1148349|Lorsque l'inconnu, le Chourineur et la Goualeuse se dirigèrent vers la taverne,
ES_LMP_NEB_01_0001|1143829|1148349|{l o^ r s k q} {l e~ k o^ n y}, {l x^} {s^ u r i n x^ r} {e^} {l a} {g w a l x z} {s x^} {d i r i z^ e^ r} {v e^ r} {l a} {t a v e^ r n q},
ES_LMP_NEB_01_0001|1148554|1150204|le charbonnier les suivit.§
ES_LMP_NEB_01_0001|1148554|1150204|{l x^} {s^ a r b o^ n j e} {l e} {s h i v i}.§
ES_LMP_NEB_01_0001|1150968|1154543|Le bandit et la Goualeuse entrèrent les premiers dans le tapis-franc;
ES_LMP_NEB_01_0001|1150968|1154543|{l x^} {b a~ d i} {e^} {l a} {g w a l x z} {a~ t r e^ r} {l e} {p r x^ m j e} {d a~} {l x^} {t a p i f r a~};
ES_LMP_NEB_01_0001|1155033|1158449|l'inconnu les suivait, lorsque le charbonnier s'approcha,
ES_LMP_NEB_01_0001|1155033|1158449|{l e~ k o^ n y} {l e} {s h i v e^}, {l o^ r s k x^} {l x^} {s^ a r b o^ n j e} {s a p r o^ s^ a},
ES_LMP_NEB_01_0001|1158634|1162819|et lui dit tout bas en anglais et d'un ton de respectueuse remontrance:§
ES_LMP_NEB_01_0001|1158634|1162819|{e^} {l h i} {d i} {t u} {b a z} {a~ n} {a~ g l e^} {e^} {d x~} {t o~} {d x^} {r e^ s p e^ k t y x z} {r x^ m o~ t r a~ s}:§
ES_LMP_NEB_01_0001|1163204|1165630|¬Monseigneur, prenez bien garde!§
ES_LMP_NEB_01_0001|1163204|1165630|¬{m o~ s e^ n j x^ r}, {p r x^ n e} {b j e~} {g a r d q}!§
ES_LMP_NEB_01_0001|1166812|1170226|L'inconnu haussa les épaules et rejoignit ses compagnons.
ES_LMP_NEB_01_0001|1166812|1170226|{l e~ k o^ n y} {o s a} {l e z} {e p o l} {e^} {r x^ z^ w a n j i} {s e} {k o~ p a n j o~}.
ES_LMP_NEB_01_0001|1170850|1173915|Le charbonnier ne s'éloigna pas de la porte du cabaret;
ES_LMP_NEB_01_0001|1170850|1173915|{l x^} {s^ a r b o^ n j e} {n x^} {s e l w a n j a} {p a} {d x^ l a} {p o^ r t q} {d y} {k a b a r e^};
ES_LMP_NEB_01_0001|1174235|1176050|prêtant l'oreille avec attention,
ES_LMP_NEB_01_0001|1174235|1176050|{p r e^ t a~} {l o^ r e^ j} {a v e^ k} {a t a~ s j o~},
ES_LMP_NEB_01_0001|1176320|1179532|il regardait de temps à autre au travers d'un petit jour,
ES_LMP_NEB_01_0001|1176320|1179532|{i l} {r x^ g a r d e^} {d x^} {t a~ z} {a} {o t r} {o} {t r a v e^ r} {d x~} {p x^ t i} {z^ u r},
ES_LMP_NEB_01_0001|1179718|1186535|pratiqué dans l'épaisse couche de blanc d'Espagne dont les vitres de ces repaires sont toujours enduites intérieurement.§
ES_LMP_NEB_01_0001|1179718|1186535|{p r a t i k e} {d a~} {l e p e^ s} {k u s^} {d x^} {b l a~} {d e^ s p a n j q} {d o~} {l e} {v i t r} {d x^} {s e} {r x^ p e^ r} {s o~} {t u z^ u r z} {a~ d h i t} {e~ t e r j x^ r m a~}.§
